"method","f","Tt","replica","N","burnin","K","elapsed_time_s","W1_mean","W1_median","W2_mean","W2_median","loglik","rhat_theta01","rhat_theta02","rhat_w1","rhat_w2","rhat_theta1_mean","rhat_theta1_max","rhat_theta2_mean","rhat_theta2_max","rhat_max","ess_theta01_chain1","ess_theta01_chain2","ess_theta01_chain3","ess_theta01_tail_chain1","ess_theta01_tail_chain2","ess_theta01_tail_chain3","ess_theta01_cv","ess_theta02_chain1","ess_theta02_chain2","ess_theta02_chain3","ess_theta02_tail_chain1","ess_theta02_tail_chain2","ess_theta02_tail_chain3","ess_theta02_cv","ess_w1_chain1","ess_w1_chain2","ess_w1_chain3","ess_w1_tail_chain1","ess_w1_tail_chain2","ess_w1_tail_chain3","ess_w1_cv","ess_w2_chain1","ess_w2_chain2","ess_w2_chain3","ess_w2_tail_chain1","ess_w2_tail_chain2","ess_w2_tail_chain3","ess_w2_cv","ess_theta1_mean_over_t_chain1","ess_theta1_mean_over_t_chain2","ess_theta1_mean_over_t_chain3","ess_theta1_mean_over_t_tail_chain1","ess_theta1_mean_over_t_tail_chain2","ess_theta1_mean_over_t_tail_chain3","ess_theta1_mean_over_t_cv","ess_theta1_min_over_t_chain1","ess_theta1_min_over_t_chain2","ess_theta1_min_over_t_chain3","ess_theta1_min_over_t_tail_chain1","ess_theta1_min_over_t_tail_chain2","ess_theta1_min_over_t_tail_chain3","ess_theta1_min_over_t_cv","ess_theta2_mean_over_t_chain1","ess_theta2_mean_over_t_chain2","ess_theta2_mean_over_t_chain3","ess_theta2_mean_over_t_tail_chain1","ess_theta2_mean_over_t_tail_chain2","ess_theta2_mean_over_t_tail_chain3","ess_theta2_mean_over_t_cv","ess_theta2_min_over_t_chain1","ess_theta2_min_over_t_chain2","ess_theta2_min_over_t_chain3","ess_theta2_min_over_t_tail_chain1","ess_theta2_min_over_t_tail_chain2","ess_theta2_min_over_t_tail_chain3","ess_theta2_min_over_t_cv","ess_bulk_min","ess_sec_w1_bulk","ess_sec_w1_tail","ess_sec_w2_bulk","ess_sec_w2_tail","ess_sec_theta1_mean_bulk","ess_sec_theta1_mean_tail","ess_sec_theta1_min_bulk","ess_sec_theta1_min_tail","ess_sec_theta2_mean_bulk","ess_sec_theta2_mean_tail","ess_sec_theta2_min_bulk","ess_sec_theta2_min_tail","ac_ratio_mean","ac_ratio_at_changepoints","w1_mh_acceptance_rate","w2_mh_acceptance_rate","ce1_shape","ce1_rate","ce2_shape","ce2_rate"
"amh_montoril","constant",1600,1,110000,10000,NA,81.3134386539459,0.00176419094636756,0.0016829783214767,8.17133250712234e-06,7.8982414658829e-06,-3220.55722654809,1.00569918071602,1.00045208063612,1.0034754141704,1.00059062458585,1.01031253621597,1.04003278590072,1.00148428262811,1.0050855878948,1.04003278590072,100.837160170517,88.5076549489483,117.861459455839,258.294015654495,192.827520342168,399.373567520988,14.3935951713611,427.712182290448,322.68715293013,415.79217295572,1551.06474365333,940.976288842165,1886.69394070104,14.7930017779699,80.9928891017949,64.0944402327481,85.3609035464833,167.594056861499,211.999824494955,237.27733124032,14.6214815714312,851.296869898607,716.875992122265,1197.8238179427,2135.32887905227,1662.43061138973,2560.96568801399,26.9139911243783,153.206931382649,147.481239350394,142.08026969919,423.7325791734,401.751944465007,384.567943254498,3.76999804435398,14.5008245999892,40.5355451995607,12.9599030447502,75.8139451186238,59.303343362964,38.4147240051971,68.3646820298875,1412.31266345985,1395.75255793684,1351.82162816669,6841.67265202457,6427.68952669518,6571.41749354416,2.25442735215338,95.8168303795691,191.979129816386,208.609850066047,586.187341502948,498.33155265315,704.704234845849,36.7989198840502,12.9599030447502,0.996057852706055,2.06108682200425,10.4693256611808,26.2604670814601,1.88415265568423,5.21110146351974,0.178332448363202,0.932366732653789,17.3687484730583,84.1395071378225,1.17836401910571,7.20898477799772,0.4391364375,0.43919696969697,NA,NA,NA,NA,NA,NA
"amh_montoril","constant",1600,1,220000,20000,NA,163.112182617188,0.00176434271014294,0.00168944341634195,8.09357649116166e-06,7.82451698213988e-06,-3220.70539920542,1.00420158928287,1.00113804087634,1.00468787345586,1.00052484257885,1.0064572019072,1.04569862390471,1.00089257756926,1.00562763047047,1.04569862390471,163.883809678959,198.900004155804,178.384852021448,343.907029695997,405.079920016843,347.046873583276,9.75331676644712,799.748747902475,614.563340211899,710.715755803241,2403.72570655121,1715.43538197246,2386.90607789338,13.0749594731563,136.046930006895,202.568551886731,106.45897855801,361.495624703358,421.624851480628,466.217436428317,33.1787223853247,1080.84371274445,1915.34558700121,1568.59344920763,3693.73322177256,3652.84221651715,3498.26495698739,27.5521207576586,276.050016205721,279.163786757758,271.848686190602,703.370336848333,749.091178964063,697.280529808872,1.33158008600642,55.6572510196024,30.9988611461794,25.5553137359421,135.780907794447,72.7701840591673,152.911646000133,42.8847978594033,2526.31180637985,2547.09034369972,2394.98415625889,11096.5665344498,11526.7012271576,10433.9397673183,3.31305549883775,344.748580145913,443.815820489426,97.6735135981068,1200.65067870016,1219.62952927126,1488.90145490993,60.3451083178193,25.5553137359421,0.834069704812837,2.21623927105287,6.6263825019196,22.6453546418509,1.69239361386997,4.31218763407202,0.34122068705454,0.832438789156019,15.4881858966287,68.030274357205,2.11356732902663,7.36088904847776,0.439688457386364,0.439681818181818,NA,NA,NA,NA,NA,NA
"amh_montoril","constant",1600,1,55000,5000,NA,41.1239414215088,0.00184143588156716,0.00177561831972147,8.41439763003651e-06,8.10632760946258e-06,-3220.1752714746,1.01674637167441,1.00352822030756,1.02724841271488,1.00099685504114,1.01985830475949,1.08277515576933,1.00300078074949,1.01455679487844,1.08277515576933,73.1223169062724,55.1224046609868,55.0036236141877,119.443942800696,112.030551057947,185.499761154964,17.0698061966913,269.222581374427,275.251279640646,147.826438620383,925.874210794695,1278.77748005429,766.425694383404,31.1533823794768,65.2727842269804,49.197271183805,67.3111367635515,133.680481473668,133.656078413686,125.885590064223,16.3748062688547,415.796736210924,426.711758256768,475.255287567021,1025.39087106496,1200.33320490208,869.833710046567,7.20574590675232,77.8213395003589,68.1469916993075,79.5435651693155,208.656142113927,200.187466470532,219.87359162661,8.17247611447602,4.18563425931874,5.3302515953793,10.0932323558019,21.9149986229794,26.6860519101612,27.22518833772,47.932481281296,778.443483270869,658.312950813193,833.088275871895,4547.00710582461,3636.58874039401,4558.98400517242,11.8169753964679,35.6854306306718,34.8103775800285,111.834696298496,175.287626382015,452.314775217195,406.051841771487,72.7572763444712,4.18563425931874,1.58722101945319,3.25067288914458,10.1108191928669,24.9341584396055,1.89236091703157,5.07383618645063,0.101780960546003,0.532901221659588,18.9292041658177,110.568368416322,0.867753172413758,4.2624228204531,0.438655522727273,0.438739393939394,NA,NA,NA,NA,NA,NA
"amh_montoril","constant",1600,1,75000,5000,NA,57.3004746437073,0.0018272833141568,0.00170510544379172,8.22108616815765e-06,7.89409253080107e-06,-3220.33750796684,1.01296232003088,1.00371650522146,1.03612362684053,1.0038963156833,1.01289460108919,1.05544015051154,1.00205567987559,1.0129094149895,1.05544015051154,47.4797271175814,61.0996069522451,100.052896370795,140.791171712323,299.154653549483,219.84019048089,39.2339817220438,310.847553741397,413.454909176224,254.747237602581,1405.18385472699,1703.27613941861,1127.4767474233,24.6611103888524,37.4795613116133,26.4899460008084,42.8629588571905,68.5946352660026,143.601993829469,188.633106324832,23.4337196942862,508.368641908534,622.83303500224,433.267353105573,1158.63638744396,1268.26457841279,1392.80526082434,18.3055499046012,99.4650142201212,110.107773854792,99.5190729497374,269.132195660593,298.298306902076,271.64607112647,5.94876970476277,15.1851330780724,20.8078122272089,11.3336219762297,48.106696037791,44.2797463912108,26.0521569820897,30.2025373598046,941.278662999395,1047.20245858051,932.001432991033,4757.80479611803,5283.09151465076,4675.20951682093,6.57441568287147,30.4828691848823,95.5442210666734,63.8692527268834,252.721570777942,409.354998611911,249.6705250044,51.3981892339715,11.3336219762297,0.654088147518151,1.19710413731338,8.87197959649647,20.2203628268061,1.73584974362938,4.69685805107286,0.265008853286,0.839551440662876,16.4270657241888,83.0325547162031,0.53198283913744,4.41046208341829,0.439426133333333,0.439368888888889,NA,NA,NA,NA,NA,NA
"amh_montoril","constant",200,1,110000,10000,NA,10.7739517688751,0.0175658792495515,0.0165111885543003,8.29862912409744e-05,5.67571319617945e-05,-369.222570155444,1.00070335748235,1.00019053590633,1.00212739518997,1.00039729706414,1.00136348132843,1.00439427837453,1.00026116599932,1.00087122265146,1.00439427837453,640.080689396388,728.757796990188,850.009803170307,1646.41879179124,1686.16601619471,1408.16084618257,14.2485998773672,2427.71479971728,2781.61067398675,3479.82076711651,3229.30082051344,5217.49574020283,8187.28733458024,18.4837740055072,328.060047854357,356.042843963992,341.11674708975,588.737461473572,384.703346950139,730.262124347233,4.09721023287436,559.760303056942,552.167309480958,811.449570816775,882.532742842202,623.820455278447,1445.56496508143,23.0147719569998,1118.21995401376,1126.74896263317,1189.35062491155,2791.82460208865,2752.8498637557,3021.24374014472,3.39281387274674,339.83046887912,443.723767635569,423.920211788998,961.465960504151,815.178436526309,1048.98124410553,13.7051368903896,7267.34158249091,5821.97515256091,8580.84881604368,10946.4975972558,8615.56430872719,12612.5249115466,19.1040798661442,954.904344779415,810.814995294129,1388.79606277567,1374.80476455191,942.178452424458,2199.27016113741,28.6119351562613,328.060047854357,30.4493703788512,54.6445235790247,51.9549664844458,81.9135598315701,103.78921105292,259.127260078698,31.5418591218179,89.2398612068907,674.528876534007,1016.01509196275,88.6308353020513,127.604503347006,0.440379681818182,0.440342424242424,NA,NA,NA,NA,NA,NA
"amh_montoril","constant",200,1,220000,20000,NA,20.8346478939056,0.0174689156743902,0.0164992311262536,8.47628708768237e-05,5.74729323695159e-05,-369.251251087809,1.00076684825567,1.0001514527056,1.00206769365487,1.00051680694325,1.00075692569378,1.00250589860135,1.00010275841413,1.00028206040451,1.00250589860135,1408.73282668405,1441.03117545953,1442.74866223616,4087.9936339126,3048.08151247753,3934.81587140184,1.33925108678911,6698.84258657457,7055.31642406038,5560.31927571105,13275.2081244083,11403.9064348449,10153.4955659608,12.1284084418015,699.871211151447,611.812136721067,637.152994856624,1000.07030291494,835.641222756215,963.435069608405,6.97837275189695,1282.14227483565,1144.2940081373,1099.15993102529,2062.86584809408,1512.0854093892,1606.10591403743,8.11144116412889,2149.67643449644,2172.06321687053,2261.19747300702,5435.164008896,5354.89079862619,5490.47897638878,2.68857795730017,761.889832983791,783.926846889527,885.206791979752,2181.63328688566,1629.97221888508,2016.71211148367,8.11573610602706,13797.7174591881,12236.667802086,11634.1775707744,20738.0504392384,17570.1675276333,18446.4896539262,8.89282785386935,1849.9819431602,1664.0250978451,1606.1212087885,2966.79735296908,2510.19787524488,2073.63647439682,7.46528169905741,611.812136721067,33.5916985357917,48.0003457705407,61.5389461518422,99.0113132028257,103.177958439376,260.871411725938,36.5684045568465,104.711790570927,662.248650874684,995.363614726819,88.7935304969249,142.397287829227,0.439937954545455,0.439945454545455,NA,NA,NA,NA,NA,NA
"amh_montoril","constant",200,1,55000,5000,NA,5.75462102890015,0.0188711064483304,0.0178257678699414,7.47248072218263e-05,5.24835616415057e-05,-368.242503330576,1.00243206118471,1.00071893203228,1.00809035963114,1.00393115124799,1.00305123612473,1.0089837435023,1.00060252733302,1.00252522146406,1.0089837435023,419.641653881192,312.433900649846,414.842126858739,901.158847193925,774.971953318737,986.521604434241,15.8403228148371,2083.78196236659,1492.98962896508,1538.18987033783,4018.15163857568,2845.46667518781,2185.94313803012,19.2859812186795,226.65844325906,199.377364550142,210.46896704824,450.169300833421,449.176427773491,267.639224075724,6.46642162070965,344.868212962674,288.430186581637,296.023424146636,682.195619225547,530.851005722753,355.859361978938,9.88745165426577,623.641487981654,623.111267030701,565.508886082068,1562.98674195873,1507.4221043413,1489.65159381123,5.53080131759701,219.701203169035,177.55092427131,132.183971743143,533.946425132036,385.421621714789,427.403908815829,24.8009912849573,4946.45501313671,4304.67578290333,3690.05141710401,8048.95806537392,5513.44246979081,5874.25183706259,14.5639871456139,604.485390403219,509.097883377074,469.579674439124,1098.32072608214,995.562937994601,546.606063236435,13.1422071273058,132.183971743143,39.3872058856289,78.2274451388956,59.9289182086395,118.54744487943,108.372295039009,271.605503491766,38.1782226954093,92.7856799692832,859.56225236992,1398.69472289338,105.043475038138,190.858915046931,0.441464,0.441393939393939,NA,NA,NA,NA,NA,NA
"amh_montoril","constant",200,1,75000,5000,NA,7.30316925048828,0.0181346230310749,0.0169020950986752,8.53794941624198e-05,5.73687586911194e-05,-368.760853774072,1.00071286797042,1.00005619887498,1.00136894900486,1.00079664346219,1.00126821249728,1.00477352496189,1.00019263709401,1.00053448814775,1.00477352496189,552.390154157255,503.267302817939,641.084743429237,1413.70415577149,1045.00877598891,1332.94681460556,12.3499894381197,2489.71905220293,2610.59797672706,2629.90296098449,3970.33522520703,4965.8459296524,3918.66367171388,2.94860889925351,270.913215939427,241.964248619004,274.244533996825,350.754196536404,324.490141820684,559.176210919285,6.76655156922405,357.424417841175,313.960243466858,505.17138332669,477.814628502541,533.371716904309,611.319937678036,25.557574352688,814.450885600384,778.630413105493,832.326857790536,2084.64483771678,1998.96617175321,2125.91268205399,3.38211777335843,324.962011301959,343.25048380149,258.27424034655,588.589659495508,626.77341814054,642.838848209821,14.4825721179179,4906.29386027401,4986.1662705564,6143.09378645143,7158.72421587667,8565.47772016669,8370.17296329401,12.949275144444,632.566998349718,544.747517621857,836.111853924076,767.488035757331,711.448712810528,1106.32328440904,22.2700154847858,241.964248619004,37.0952947477309,48.0276691537655,48.9410015819198,65.425654549988,111.520198651555,285.443862276285,44.4960263354478,80.5937312018554,671.803390007151,980.221595630971,86.6154099204842,105.089723301431,0.440799133333333,0.440804444444444,NA,NA,NA,NA,NA,NA
"amh_montoril","quadratic",1600,1,110000,10000,NA,86.0149829387665,0.00138390933312376,0.00133207701043312,6.81956645005497e-06,6.62539523735683e-06,-3216.54031146524,1.01065713294817,1.00187883049541,1.00856893851493,1.00119817459117,1.01213116929711,1.06777622098829,1.00195075414051,1.01382715032017,1.06777622098829,63.0595302142822,137.673113159981,74.0870179921401,197.683921173726,268.652184753325,178.741912679255,43.9641333857934,306.272711267208,400.808957227791,298.100566537801,844.299793818452,1433.33441464424,1392.11731538491,17.0375210900085,102.840355964185,128.358718350498,82.7475319458745,307.512163890577,443.99671343955,279.925159022936,21.8438208909083,934.560442238816,661.578988886535,1001.16031346954,1623.96538426563,2011.89170291168,1926.32869331165,20.7838647169341,104.940604722015,100.182514563583,97.4181738317675,273.22940545461,264.806533791353,270.982954921478,3.77303472638488,6.74821093778492,4.20083586208453,10.2046920745842,34.4357873193788,42.9584811871172,43.8302001053177,42.735391409254,862.542000745758,806.860992490654,781.143783791685,4414.54334367224,4136.72789463464,4058.83100200195,5.0937363521767,40.6254244090435,30.9095370351491,108.479900711538,519.163872761648,679.149166344164,477.698209707816,70.4286492406764,4.20083586208453,1.19560979320773,3.57509998123807,10.8650889683269,18.8800291388969,1.22002703641436,3.17653269371826,0.0784539007882955,0.400346383186444,10.0278111007683,51.3229578481103,0.472306370600161,6.03573767062464,0.439591732954545,0.439454545454545,NA,NA,NA,NA,NA,NA
"amh_montoril","quadratic",1600,1,220000,20000,NA,162.79892206192,0.00136307723131865,0.00129607958225204,6.84665530228952e-06,6.6362733380715e-06,-3216.42182087339,1.00371768011124,1.00087400933844,1.00819956983405,1.00108512561903,1.00661000451999,1.02974514495681,1.00118315062436,1.00545697222918,1.02974514495681,172.817468913016,172.606401659708,129.663069681097,351.529818794828,481.164890226091,382.020408788358,15.6947051738521,573.303360722826,608.746575299104,452.611249605396,1784.17926107461,2297.26285831026,1345.33160789502,15.0223045184295,147.496694013553,241.421794327683,224.190317357395,396.314889867038,764.627698834504,488.01920655576,24.4660978938222,1115.21805666028,1309.03743591982,1071.28002325755,4118.13354846835,3819.19913168025,2981.5726417347,10.8573608362734,206.788349100733,191.239329901705,199.650080558635,547.963139968072,521.224884267393,551.160841570159,3.9067119163256,18.3232133415973,19.4253208246362,12.324188957196,173.632303295877,119.061236694205,141.387470978797,22.8964613568499,1539.66402699619,1429.53074929746,1587.66229893861,6896.26305706995,6682.13746676364,7272.67378479418,5.33754866753768,237.297223528389,92.3314025980577,275.897746456296,1252.1588059671,1257.12339553338,913.129572563203,47.9498510936185,12.324188957196,0.906005347857607,2.43438276401056,6.85027912062042,25.2958281069086,1.27020711489774,3.3658892394856,0.112551195729835,1.06654455138122,9.45745836333355,42.3606186682672,1.45760930430567,7.69144408395308,0.439669369318182,0.439663636363636,NA,NA,NA,NA,NA,NA
"amh_montoril","quadratic",1600,1,55000,5000,NA,41.8787639141083,0.00150885512844567,0.00145994551125576,7.02051284867662e-06,6.81257036169077e-06,-3214.31280712469,1.04799705639733,1.01105682588596,1.01897030843643,1.00256007131087,1.02132733693464,1.09172460672123,1.00341100765704,1.02200370926085,1.09172460672123,42.3387778778917,40.1508224770391,34.0200950650097,104.446811270497,113.474229377034,98.0108641310978,11.1036048016186,208.813991876946,120.85488497648,139.913279515334,678.062088948491,324.627854497105,590.229801339883,29.5624598980099,44.736182758222,54.7647489138866,55.5772494445252,145.319215539316,82.7966241888874,121.305516149274,11.6809967709373,451.237367800704,351.620385681071,398.438583593564,954.470795718135,1082.48041880312,868.960958949306,12.4461553704272,59.332612270879,63.9824127065513,55.7108348826898,160.599271089314,177.825316006282,153.230832632203,6.94830757182107,7.84150106965713,10.4151097065507,4.76688378124748,18.767368276602,31.716099913084,35.7916091384885,36.8468900444332,549.924371438448,625.499274964443,445.106694914649,3016.66254626022,3236.66794042402,2432.66826497042,16.7705218852231,52.492606423897,61.0985986839345,81.6213333799935,356.57557327103,243.565792216284,217.723529302114,22.9981912403486,4.76688378124748,1.06823073503254,3.46999772575332,10.7748492464146,22.7912838515415,1.41677085772082,3.83486177907964,0.187242896799431,0.448135678385664,13.1313419986875,72.0332279254295,1.25344211523428,8.514472251434,0.438621579545455,0.438678787878788,NA,NA,NA,NA,NA,NA
"amh_montoril","quadratic",1600,1,75000,5000,NA,55.7203896045685,0.00141234712760692,0.00134135673327794,6.92461147644402e-06,6.68184075583374e-06,-3215.81598951709,1.01915606860353,1.0049941563126,1.01100831488496,1.00210099205095,1.01661520981664,1.07146475531799,1.00264477462094,1.01213044452721,1.07146475531799,35.0093224978825,56.3944457033113,67.4842461153631,90.5945776468274,192.745295739297,130.187688987401,31.1676304222752,106.11863389093,234.114326080084,363.509798526833,388.639029127091,917.926440491989,1376.10970227573,54.8621844284357,71.8041809648598,70.1605522645945,52.3268059394374,181.553706184108,273.292373481128,168.901498438359,16.6792128743449,432.189465302243,613.588863198547,353.991276302705,1649.33679411655,1415.07639699935,1486.65255253046,28.541945231484,77.9438160141729,81.2211769486372,75.011297428616,202.837014244696,210.413601714739,203.409797237294,3.97973911713729,5.01498283559751,5.17298380022796,13.8488257283435,26.7084948697476,42.0897670842306,18.8674814067922,63.0936258812111,647.213866033354,666.756407282971,599.634653302544,3143.04880612578,3454.97715489229,2960.28274170573,5.41224457866627,25.4779648035024,38.7216668721932,62.4374865009087,144.29933188672,469.598198566247,241.270502638369,44.3599624585515,5.01498283559751,1.28865181084399,3.25829929533052,7.7563970454867,29.6002380066152,1.39883831694856,3.64026554164772,0.0900026520127982,0.479330727212965,11.6153865869647,56.407516681615,0.457246709585344,2.58970428797737,0.438878891666667,0.43888,NA,NA,NA,NA,NA,NA
"amh_montoril","quadratic",200,1,110000,10000,NA,10.3949387073517,0.00498228556234075,0.00436186367031622,4.66647236993764e-05,3.94450677149907e-05,-369.607703213013,1.00699533449341,1.00178177136825,1.00388325315212,1.00154410631714,1.00315706223254,1.0079280449316,1.00066620672089,1.00246015155788,1.0079280449316,260.614989004288,207.25392229183,169.840808627079,666.991776520015,429.327219702965,546.789197385047,21.4611665125377,946.750024968471,756.986853835816,755.192881680897,2608.79039542999,2908.26959984756,2198.00399599889,13.4303975757472,369.151776880472,396.97692936684,316.978859089435,1114.70118396625,875.868229040117,674.209710244719,11.2487081311917,1056.26211197856,846.55193916663,1152.92791453909,2784.91404762186,2739.45776068429,2137.44955367794,15.3768167879611,288.2952963814,311.77831297008,291.4884668686,759.789957685239,748.456879313176,791.111103729221,4.28571476325059,142.531776462563,156.986814240645,146.325667174327,379.491362337312,310.221550413995,335.087977076022,5.04287902293416,1862.03787122554,1905.41119259533,1991.02925383114,6428.07138612718,6610.22224545338,6593.54747120188,3.41957513664149,716.888213826763,572.211324852958,583.972023715303,1742.113222148,1714.28646451259,1701.5706346327,12.8691853183704,142.531776462563,35.5126458436348,107.234993427897,101.613115932231,267.910578987086,27.7341987767092,73.0922979995916,13.7116514560841,36.5073208242124,179.129278550593,618.384731944692,68.9651217779431,167.592447747279,0.439794090909091,0.439872727272727,NA,NA,NA,NA,NA,NA
"amh_montoril","quadratic",200,1,220000,20000,NA,20.475207567215,0.00488901840941024,0.0042858918143694,4.7497918512318e-05,3.96318051133855e-05,-369.882338549115,1.00091129470076,1.00024698695953,1.00073399612615,1.00033156521164,1.00171283912312,1.00480038569284,1.00027711319495,1.00076348229233,1.00480038569284,569.878886098229,414.72811551097,552.81094918562,1338.07026995048,1163.35042274674,1309.17755577563,16.6015379247875,1768.73149166351,2108.22204469175,2191.27140893757,6272.24954533305,5201.35800280681,5138.1074113883,11.0673637229845,764.584732992945,783.307723017146,665.515628967376,2160.572648369,1914.04112955314,1297.32591353269,8.57932880499614,1900.18054720847,2694.54529732606,2324.24703318804,3285.58953246659,5573.5896608102,4087.16633268181,17.234590342767,586.130308569748,598.451964185407,630.516705570005,1532.65122378419,1652.93252848707,1594.77762542189,3.78712010196375,262.950011313017,254.972850381395,392.510365300207,567.999883351979,582.034804986947,688.37300136396,25.4409458311009,3805.95048183993,4111.97809436221,4022.90941950987,11901.672777062,13938.1193972637,12534.5473234293,3.95461270180457,1338.31085903292,1346.41838095683,1638.74031600532,4069.08773835477,3937.02216201808,3610.32968713332,11.8766141600965,254.972850381395,37.3419771439682,105.521403935779,92.8039699217042,160.466726487672,28.6263426949704,74.854001784982,12.8423612043891,27.7408608184986,185.880923030741,581.272387007157,65.3625050998669,198.732429207224,0.440038704545455,0.440066666666667,NA,NA,NA,NA,NA,NA
"amh_montoril","quadratic",200,1,55000,5000,NA,5.95992803573608,0.00494089389989204,0.00419200389686519,4.60253966376298e-05,3.88395007293348e-05,-369.912204964806,1.00620976182471,1.0013154108911,1.00984446868399,1.00186668558306,1.00770419981896,1.02762023795141,1.00115998492757,1.00335096000731,1.02762023795141,106.261221853912,173.971177824247,97.1631405325756,283.127723669449,348.007924328746,293.543286547037,33.3597213349011,350.450014976172,569.297221170049,357.581734879399,920.902254180469,1507.16390971409,1817.95871269931,29.2040389783392,143.644167682153,201.210771841926,75.3637186151521,465.173327571631,485.014391556607,204.597169445993,44.9762204398812,617.357494512298,515.260611719861,676.204319537049,1493.93786403335,1172.85272209561,1375.83894223302,13.5062405079104,170.037267893488,143.471178101496,132.309546482321,457.703454378752,365.588608254972,334.00958848488,13.0418147661586,79.8414549922691,49.7747435258372,14.9727458946608,158.416235125884,88.1253546844951,84.0020653316174,67.3560778172222,1157.83720305317,1010.55560237072,923.460110632844,4369.9175371222,3941.10757706654,3265.8684619415,11.4949989700464,269.487093185991,384.479943875959,208.842350471929,674.432925138219,1285.45757907023,768.450827428952,31.0181658043763,14.9727458946608,24.101661432966,78.050158455341,103.584722971584,250.663742091449,28.5300874228572,76.7968088933851,13.396379035709,26.5802261664924,194.270332814542,733.216493709306,45.216501201043,113.16125313834,0.439128090909091,0.439175757575758,NA,NA,NA,NA,NA,NA
"amh_montoril","quadratic",200,1,75000,5000,NA,7.56111812591553,0.00499691219013726,0.00435417066832841,4.69986657834291e-05,3.97686745337863e-05,-369.752492631812,1.00740857113221,1.00200825961002,1.00229616179714,1.00120073378481,1.00523780717376,1.02500037267883,1.00116118134161,1.00303111791962,1.02500037267883,263.976389534753,104.400672668598,217.729948862801,436.263239865025,531.409882019551,408.862251286826,42.0252287090213,1057.78331808889,706.504811891453,735.761030564626,2596.99183623367,1945.1723561147,1666.51942072684,23.3893259871928,243.087372255281,236.13375222102,248.912135431908,407.618729296368,629.750563466976,725.612885166439,2.63584851892953,725.454185364548,755.578977866696,816.922938618927,1695.62518185889,1589.22067412897,1623.53672944712,6.08547791672097,230.526110705764,201.360961150132,227.25764699484,543.976492507586,502.97370733282,584.469075129481,7.27250298319469,128.527598948105,19.9447758493728,112.277121416859,123.520804972848,177.527639959252,200.432900481796,67.3814410297189,1618.1404197094,1358.16997381449,1563.21468023095,4895.46272195519,4426.43032959951,5153.95939240379,9.05504862501051,681.540442496041,139.593818048886,581.706921867053,1896.64046943335,1384.68828791421,1231.54549530757,61.6803670384561,19.9447758493728,32.1496593767139,53.9098480553115,95.9453579858875,224.255877718294,30.4883625499305,71.9439219767142,16.9984910707294,16.3363146714351,214.008086206624,647.452220747105,90.137520819848,250.841269485351,0.439610333333333,0.439524444444444,NA,NA,NA,NA,NA,NA
"pg_as","constant",1600,1,11000,1000,100,372.252862930298,0.00153435479806335,0.0014805542262541,7.51884118497971e-06,7.34065030167449e-06,-3224.32147589695,1.00626791123697,1.00191766372664,1.00748502231125,1.01901085769064,1.00018477246103,1.00636282492572,1.00024435336899,1.00228830004982,1.01901085769064,247.902223712883,133.31322784894,195.319205203887,589.609688393036,370.649390868505,409.034483711722,29.8467926423718,687.474659470556,375.707979675455,621.226844213227,2327.29323434125,1015.39178733865,2385.74782273128,29.253428528872,65.8481134560919,83.1527596374025,108.003465519737,167.631857646212,136.462247369737,219.459405786586,24.7349242883005,137.114891026372,133.913088795878,88.2903264900455,303.957702680336,243.162180965857,237.865191968468,22.8028080640996,5162.89389116466,5089.63402087085,5087.11087119646,6997.65581579216,6943.84884730751,6925.7918645193,0.841808642398452,246.952949629633,132.901967844009,193.466167057463,581.140002560433,356.943922967376,412.595423046046,29.8587020596502,6524.45058718676,6311.51594152071,6390.07851556164,8092.24787558447,7933.93111481136,7765.45214666775,1.68021110573385,602.392734153338,337.151403605345,483.924545327492,2003.61013866123,862.352096863069,1601.58518970197,28.0031741273213,65.8481134560919,0.176890818079273,0.45031717506925,0.368338042982482,0.816535567484003,13.8693195010602,18.7981249108685,0.663401075509993,1.5611431379891,17.5269319242507,21.7385779437234,1.61823532910244,5.38239013902868,NA,NA,NA,NA,NA,NA,NA,NA
"pg_as","constant",1600,1,11000,1000,200,738.374669551849,0.00169435507811847,0.00164002819386568,7.9562304509614e-06,7.55127722161324e-06,-3221.78469760088,1.00623656097777,1.00255449044547,1.03060718671061,1.00129660294806,1.00025170996182,1.00611783991996,1.00021933132958,1.00267571126177,1.03060718671061,201.548290773293,212.189972617362,243.717276101001,341.478425176711,518.67663361439,514.885236712638,10.0065698909827,493.922067982184,649.516018567383,622.774015781431,1382.46253889439,2020.14572458786,1661.89436269744,14.1309166677343,32.3351956503212,90.9918420598624,96.491812324809,96.3881446456156,256.638076395522,139.870267104981,48.5303635688656,111.076310998773,122.398409394382,107.550474869617,186.699424757248,273.374513102484,229.675058926583,6.82436801819556,6027.62235347868,6020.14110533481,6167.53183074032,7670.14668759679,7729.01923184916,7840.67510513127,1.36732458989923,200.808333271546,211.784686404864,244.099960536039,328.168558352436,501.296516059604,517.726607744374,10.281182088188,6750.280278635,6705.17026136582,6875.34930115299,7998.13377705382,7976.82214253488,8041.10505796708,1.30095266364218,443.042670850445,555.786545524777,571.502366243322,1006.30542737086,1589.58971589669,1641.40842074789,13.386624757083,32.3351956503212,0.0437923956274757,0.130540968725427,0.15043353405689,0.252851881918652,8.16336556769627,10.3878789507394,0.271959943308219,0.444447205307863,9.14207997239671,10.8320803880071,0.600024200612606,1.36286558689998,NA,NA,NA,NA,NA,NA,NA,NA
"pg_as","constant",1600,1,11000,1000,50,187.201033115387,0.00130539768126112,0.00124787347026578,8.02148592349205e-06,7.80836467131219e-06,-3227.6216418658,1.00937525832386,1.00393956831478,1.0234850813954,1.01326683006082,1.00037247746204,1.00933207062258,1.00036640661471,1.00519390872137,1.0234850813954,177.294616967984,177.149513130667,81.9066703513782,358.01742573756,306.573631623421,205.289881271353,37.834524347941,450.054558963164,492.787302373442,208.085175594151,1368.12803645018,1506.35376619415,650.694075740706,40.0192996682366,66.5859448985046,61.0183199979007,66.9960767060213,115.784880899508,232.224296249513,79.1649631374253,5.14773092441043,82.5757411123303,115.070852378191,116.278104600166,190.646193542667,283.946552607746,243.770363308088,18.2710340123453,3705.40329154759,3556.59295880292,3645.47311993549,5616.60903136238,5499.6758142841,5508.39444400975,2.05931442109241,177.708090850857,176.22111138022,81.5403075519336,368.762283830273,325.990829415382,201.273242525548,37.9578295497803,5588.14109897266,5426.09134028129,5523.79384297963,7431.21703695812,7365.12002298594,7422.51930022869,1.48013446076056,405.453430067793,419.666380640229,166.582784035442,1226.22574332948,1246.46346470361,440.49030050904,43.0147058129056,61.0183199979007,0.355692187112356,0.618505565768649,0.441107293790587,1.01840353319608,19.7937117647404,30.0030877922582,0.949290118187119,1.96987312352585,29.8510163431002,39.6964531300298,2.16587175466003,6.55031504325971,NA,NA,NA,NA,NA,NA,NA,NA
"pg_as","constant",1600,1,22000,2000,100,737.324902772903,0.00149489184659711,0.00143666686582431,8.08772863945374e-06,7.85829802571465e-06,-3224.60702050101,1.00286658681904,1.0013983219345,1.00743323312694,1.01078509700258,1.00012013656111,1.00279038434862,1.00016778081782,1.00139147674908,1.01078509700258,403.142022758907,439.090082746927,368.645069521271,842.435193885123,883.318957510159,759.371941236097,8.7271438129125,1172.64035116898,1224.84984751354,950.365126466366,2817.80423204362,3364.25471380129,2603.57455396667,13.061399157476,204.22666106207,126.380337096107,193.941603273571,266.815672059009,245.169698541766,464.238451316255,24.1861636383422,227.489957163487,219.282889544784,154.02778607779,546.239582764593,414.642106670378,332.742196184764,20.1001454555713,10143.1939286663,10147.3997106304,10068.5111065803,13909.8819792828,13775.1093368855,13863.8013180369,0.43857122485617,401.11102044113,437.22514859534,368.024784382189,823.130690022224,870.067765232025,761.648294062979,8.60718033249758,12770.7633039827,12731.4715956877,12577.7681147527,15681.730648484,15473.9425958213,15373.4292959147,0.803518207943894,1044.99214136395,1068.67183078097,821.646408838649,2556.44407719705,2690.89711831298,2222.10165170121,13.9303501842181,126.380337096107,0.2769832678837,0.361869877248929,0.308534211048551,0.740839731182706,13.7567494201269,18.8653359285318,0.544008508233815,1.1163744597892,17.3204014349101,21.2684131371512,1.41727498614787,3.46718803011111,NA,NA,NA,NA,NA,NA,NA,NA
"pg_as","constant",1600,1,22000,2000,200,1477.05586504936,0.00165368642506229,0.00158700372383409,7.85175340638333e-06,7.68199699384249e-06,-3222.29558924377,1.00604728966687,1.00207317502255,1.00357651864657,1.00912212036207,1.0000892719295,1.00602393077932,1.00012412580798,1.0026261382491,1.00912212036207,396.417401003191,426.479894846735,342.902423755703,979.383893633078,775.627562793122,811.559446990919,10.8938769895482,1037.96010969544,1148.42944710987,947.460010523884,2874.5189382997,3079.5757872503,2662.31688329579,9.63510849914626,173.316705558259,138.614874905197,135.563953245487,412.544817344673,365.502704312494,294.580944206138,14.0591734919465,285.584928718384,211.62898368086,212.746407136902,672.660622613992,391.520993313,638.133120723594,17.907872155571,12126.6847518621,11801.8121260758,11798.6820387646,15624.6316543048,15301.5154150795,15314.6007132118,1.58262180207457,399.070266374393,424.506878497655,345.888881151666,951.051826134909,757.219355795309,827.272402301646,10.2910155225684,13603.4496372805,13268.9140292967,13399.564060208,16516.7106956536,15750.0453517654,15735.3139136123,1.2559509491581,902.709094821017,984.061289947348,861.559273287454,2536.09916269833,2773.2768972711,2364.78712090256,6.80494485697051,135.563953245487,0.1173393029061,0.279302108407989,0.193347411886036,0.455406351601679,8.21003798082941,10.5782266087699,0.270179534719938,0.643883449935135,9.20984098108292,11.182184158689,0.611154334904488,1.71699610198127,NA,NA,NA,NA,NA,NA,NA,NA
"pg_as","constant",1600,1,22000,2000,50,372.590653896332,0.00126397383683001,0.00120042375845103,8.0630464712677e-06,7.80431265295544e-06,-3228.24241272068,1.00365901545167,1.00135052271762,1.00639520548732,1.00262122245407,1.00017699091257,1.00356725967256,1.00011382981716,1.00166358804667,1.00639520548732,264.036900450899,278.4185689298,264.177125880686,576.000661373797,567.219575689166,510.745424529888,3.07317535222599,681.546003802514,867.173166028147,695.237068305638,1837.18321292941,2669.30094249173,2202.55459620783,13.8299984806159,172.268353597403,157.17139445656,180.936911873854,317.429422174728,335.156366777707,428.807866949812,7.06936059081233,260.971190896607,226.881890989923,222.263637296143,553.720291850661,597.41462627542,423.057946735479,8.93140202843846,7462.58262072113,7268.73990068674,7374.56579717301,11236.937565067,11078.7426838794,11174.5071834489,1.31717321406298,265.391648004148,277.475254619429,264.016813667996,596.424901725823,573.243697695019,489.12470370743,2.7533069992665,11194.6339133594,11010.8882914918,11127.6951716115,14860.8960241712,14755.0504720309,14865.4636511899,0.836947231783543,591.797398140884,726.077626738772,587.484655701579,1530.36375786946,1992.51675558559,1311.18008613761,12.4072979259657,157.17139445656,0.46235285774327,0.851952186280681,0.700423341722412,1.48613575262874,20.0289044899057,30.158935677956,0.712287453345488,1.60075110711653,30.0453964593384,39.8853161472645,1.5883313012611,4.10735948920304,NA,NA,NA,NA,NA,NA,NA,NA
"pg_as","constant",200,1,11000,1000,100,47.7173113822937,0.0159246198796174,0.0147136946667671,7.73268038161156e-05,5.25482647428639e-05,-370.557475270588,1.00161511283442,1.00120666478473,1.02402856326014,1.03837388118978,1.00066263091681,1.00614262022573,1.00377826327011,1.02069570340823,1.03837388118978,570.694132002505,726.060634528162,646.528002651262,948.762568344921,1250.00681902195,1446.19754728597,11.9937134345569,1413.84194415841,1894.92473810237,1427.65886419985,1460.70749082563,2469.5568985166,1882.88475546018,17.3454747915165,100.281886418935,66.2571850202983,10.2421441713628,237.075507012527,79.088977551268,102.292122010965,77.1550730347365,90.6704267961105,86.8098025357455,8.77001044005846,260.602038582336,111.545277704444,60.3233666031229,74.4338825915503,5397.16611940478,5338.41149302132,5163.90301792985,6692.08694415518,6467.82702416823,6428.62106433582,2.28920569391846,270.417228393402,139.215847525298,349.964655795039,104.358135806583,31.6449241103908,162.437126164269,42.0317981188881,3619.0297686574,3316.51285501783,2529.06896167332,3488.43946163299,3730.50630731857,2382.62952641809,17.8350278456155,159.128208018741,154.167859129708,11.2109111258967,369.879109518887,250.169630009543,79.3976362179413,77.6606865106285,8.77001044005846,2.10158291642866,4.96833329759854,1.90015791270577,5.46137305378519,113.107087617839,140.244425980764,5.66706758113251,2.18700787583156,75.8431199038658,73.1063708448467,3.33481085604057,7.75146584759461,NA,NA,NA,NA,NA,NA,NA,NA
"pg_as","constant",200,1,11000,1000,200,92.4521968364716,0.0164094780945594,0.0151629236380117,8.38920877587132e-05,6.19260375097317e-05,-369.930382404584,1.00206564976571,1.0008949360444,1.00775298463915,1.01583347929021,1.00022405514863,1.0028151191393,1.00127162491184,1.00658546334487,1.01583347929021,750.396684367301,579.113483196863,612.85432877173,1658.22374248822,1197.1407939937,809.885075333986,14.0137131855255,2265.58925997687,1611.97283121283,1330.63122859742,3634.66485109544,1913.70726960518,1153.44779077074,27.6298768638152,130.133463540565,100.833215632466,165.711651038174,321.549553930287,88.3147379332348,118.179418630173,24.5713965287302,88.6877047966329,44.3026901036813,73.847470273646,181.78610579008,123.129276790638,161.423235278263,32.7717889451586,6169.18493658212,6119.81067056751,6145.02843334625,7267.40331519464,7330.86988765655,6867.15369651022,0.401795621870493,484.603889673183,566.295570314542,404.897289517223,183.557602299166,328.674443880421,228.53121681873,16.6303108562302,3968.54344060562,3261.24906187526,3629.66423983922,3889.1705608737,3101.9450051372,3832.89997584299,9.77258713251836,183.866285030443,107.403669773102,173.411179753566,407.896355890444,177.563004548391,269.658643988786,26.7657589699762,44.3026901036813,1.40757567687379,3.478008797336,0.959281745933012,1.96627134898288,66.7283758275005,78.6071457885327,5.24166981700115,1.98543256493776,42.9253557665605,42.066826900315,1.98877140102645,4.41197040035648,NA,NA,NA,NA,NA,NA,NA,NA
"pg_as","constant",200,1,11000,1000,50,24.1647274494171,0.0153679568858136,0.0140372751524688,0.000126529677959207,7.12184292376481e-05,-370.455132827873,1.00148922226359,1.0004545090286,1.00464657199774,1.00702963365057,1.00037982718103,1.00510797304805,1.00085518518539,1.00338954279545,1.00702963365057,466.221709020639,750.379238895707,642.652399652367,1347.19995605981,1575.26901131644,1069.80391015997,23.1474144551026,958.522560015207,1664.59494827357,1182.11013667043,1213.14939706754,1296.68216408721,827.339022602382,28.449837803094,57.3400847250986,99.7172301578647,118.244383339869,194.427469705097,106.633123769196,238.33445684231,34.0216755423783,38.777030577054,77.8602944772507,84.5550450829581,57.6304408169022,107.605199522542,146.546559731309,36.8676704479013,4450.92411963356,4757.685226667,4900.87517351716,5823.21063388144,6324.26726986338,6231.07439677061,4.88772053409793,224.677836514914,215.872055685443,306.561567514016,121.586498173366,153.123512152758,198.276455908496,20.0820597180545,2281.03072282399,2703.9996789212,3098.56256567445,2253.7693520886,2510.20397060138,2586.77988858393,15.1732589042781,68.306293008028,128.225050544478,153.609991734139,106.971559695965,202.106168145568,280.366703239691,37.5288989959085,38.777030577054,2.37288356945576,8.04592024106553,1.60469554884176,2.38489926847043,184.190950589055,240.97977707677,9.29776000930371,5.03156919224011,94.3950527726317,93.2669055260941,2.82669412063556,4.42676458569142,NA,NA,NA,NA,NA,NA,NA,NA
"pg_as","constant",200,1,22000,2000,100,93.7577319145203,0.0159867742140374,0.0149328406738062,9.42391165642017e-05,6.55477002942759e-05,-370.189575462813,1.00092825420666,1.00034989070944,1.00209682325271,1.00640720643009,1.00014938851522,1.00258085525386,1.0006590255109,1.0029258494038,1.00640720643009,1351.57837287576,1273.02302443507,1256.50104835503,2743.89741224638,2608.66562901786,3134.13387235544,3.92669094054321,3732.23114442302,3165.04554680637,3633.48434842805,3959.65230322084,3574.12860682291,4326.31484140507,8.63210034436577,186.425742277772,120.323758806918,225.589321923302,311.746660363441,230.665350302249,305.475886605559,29.9832509603478,107.012645191719,111.609667835771,127.598717455212,374.220302310471,256.182855486388,295.677845982752,9.36305444325592,11043.5251961058,10431.5383287198,11221.8698729098,13271.8120533531,12658.5942533928,13452.576820412,3.8032882409546,623.812968202382,633.731878973698,524.614191889912,242.609354598905,420.9075359936,206.48414452514,10.1573328874633,6154.19376931743,5823.53615658546,6308.64344333138,5901.18079144954,5750.51527639638,5594.47940026483,4.06581430757286,203.691285243538,186.950436201599,251.59157992682,478.839739802052,421.332146823729,486.598203193685,15.6713606406539,107.012645191719,1.98837726202398,3.32502348337162,1.14137408197207,3.99135404269005,117.787887682419,141.554320719417,6.65345625863814,2.58761970500837,65.639320018196,62.9407374831732,2.17252786606703,5.10720268103984,NA,NA,NA,NA,NA,NA,NA,NA
"pg_as","constant",200,1,22000,2000,200,184.878587007523,0.0176423621235197,0.0166906763719912,8.57717289031158e-05,5.67206274976131e-05,-369.184641850818,1.00055901336377,1.00018567251918,1.00335321893831,1.0029196113544,1.00014533400942,1.00103248599405,1.00033026731092,1.00107169486436,1.00335321893831,1457.21034716744,1400.37728165448,1281.10039897107,3269.6191058079,3358.69125471241,2417.32241389884,6.51518874219474,3575.82356582593,3744.81452769548,3032.23012773644,4401.53053141537,4440.55217933644,3344.9552355542,10.7895116633512,212.326970531578,276.818903072948,182.8986864069,163.812345023323,404.679632592161,177.184694915641,21.4443799226052,115.20987438773,163.428711233213,131.295754220017,222.775488666173,350.631784563865,160.052065427724,17.96659911928,12143.577662785,12093.9775242138,11981.5274979322,14215.3196250159,14042.8611995755,14094.7573016606,0.687744295452912,1212.02861003296,1238.44011857987,1157.82699446867,634.869658322267,720.038418320869,642.907415699218,3.41688945138958,6733.31220499519,6975.63941035138,6186.81638791022,5438.62377130904,6849.61882638815,4841.60584162425,6.09276134519952,217.960300371073,371.632237581768,219.171691265342,272.381930457646,682.631169274573,278.22731880978,32.7814615234779,115.20987438773,1.14846707760125,0.886053640255579,0.62316505254901,1.20498264440494,65.6840679028496,76.8900274234432,6.55580848843052,3.43398155837504,36.420184262449,29.4172724886076,1.17893750649557,1.47330166714528,NA,NA,NA,NA,NA,NA,NA,NA
"pg_as","constant",200,1,22000,2000,50,48.1524391174316,0.0156861494005574,0.0148743740239925,0.000103026100331002,6.52260418013263e-05,-370.392550754269,1.00088735700168,1.00046437499075,1.00723671535409,1.00334535450192,1.00029747997056,1.00158301238209,1.00051855939784,1.00248713073676,1.00723671535409,1107.70031556467,1380.19809975795,1206.94358066343,2200.04110719089,2574.14438551277,2694.98890316877,11.1978152251512,2493.06722874496,2749.03150735373,3000.91217178708,2439.42388951127,2385.54620417029,4008.10832470243,9.24147295428066,178.066995865089,169.268505987148,281.366497952934,318.270798032297,191.304244832551,396.551791174134,29.7447742658052,139.953079015298,146.540211152209,224.10282918479,197.099866326363,272.091068070615,357.687830838054,27.4963197025572,9147.4286356936,9322.44642635805,10110.6733185918,12174.3836024892,12122.0759365997,12732.0040777487,5.38607554240091,300.448280652665,421.310098042282,243.192021470672,157.196486540019,179.182876672363,93.1546641562224,28.2705072397981,5325.12680144835,5723.70411752327,6820.08770985559,4586.9738714648,5313.28750432546,5828.86922267888,12.9971123246545,237.319088569953,260.603655921379,429.99413283219,342.050040691234,483.071139189574,669.370064421342,34.0005856839203,139.953079015298,3.6979849646002,6.609650598511,2.90645877094591,4.09324781753393,189.968126295437,252.830050265968,6.2395236079308,3.26455916712042,110.588931714585,95.2594293360369,4.92849568827015,7.10348316638873,NA,NA,NA,NA,NA,NA,NA,NA
"pg_as","quadratic",1600,1,11000,1000,100,373.349486351013,0.00121248627106902,0.00115957129325862,6.76239639985688e-06,6.60502658442259e-06,-3218.23291040778,1.0094270296847,1.00263849050389,1.0043465004602,1.00467123043981,1.00021262417006,1.00928923186759,1.00014393345665,1.00323753485688,1.0094270296847,162.012066093581,141.063681024004,175.585075581537,399.029616400597,387.13443721133,273.486388741354,10.9001056832707,600.949940741959,422.115784133507,505.580632688317,1745.55543855704,1666.29010722788,1091.50676275724,17.5612411350074,107.141774547624,65.0057526923142,120.69163597078,134.192548791991,181.477854199699,185.090867407203,29.7502105240098,125.295563969007,119.879061717382,118.173835145375,309.371634525909,263.141772629482,206.960522649514,3.07022772983716,4957.15555359197,5016.78373547426,5068.73918085167,6845.50232454075,6932.76526542227,6946.36359794842,1.1135469515566,161.534063509292,140.216337903594,177.141332060332,405.283508327993,412.370825943314,260.764593523511,11.6117756624701,6202.96310089224,6405.31173695657,6334.08266802056,7868.89966095838,7937.99550222371,7788.40268137652,1.62557704860616,452.105778899361,370.398993103065,450.73853267742,1248.2532744089,1188.60855933215,990.193237608506,11.0231264295756,65.0057526923142,0.286974479581559,0.359428775712381,0.335598597425705,0.828638168354266,13.2775207541906,18.3353736239101,0.432661807273578,1.08553385807248,16.6143608807871,21.076497889059,1.21094522807058,3.3433908979195,NA,NA,NA,NA,NA,NA,NA,NA
"pg_as","quadratic",1600,1,11000,1000,200,735.379074573517,0.00140854388670202,0.00136282543032202,6.78175046293997e-06,6.55673508576984e-06,-3215.67673595014,1.00437084295913,1.00170690940577,1.02053742292641,1.00758610994104,1.00020017515801,1.0044578459725,1.000201244509,1.00180310066016,1.02053742292641,186.62937346349,152.375326543921,166.789305488448,444.280677276877,313.733515282655,223.109732562074,10.2008931105179,479.553896125045,480.487643495656,539.795286854019,1666.33892659881,1629.3693216126,1654.08678375807,6.90354925836377,62.2407989068092,36.8401556395496,74.0467656966033,205.809351705144,103.787577815047,156.282191225178,32.9457440776816,117.203073380744,137.181146495621,107.378068794253,231.819476148275,380.523420868896,348.697421706851,12.5942169632379,5947.65152451373,5905.54383210861,5894.40932280328,7743.86439343635,7725.27126699273,7654.33810915283,0.474698176310692,187.831743082918,151.344047172444,164.975241205672,455.116159556303,326.9379753264,233.00537427481,10.9712334680871,6715.15272328859,6749.01569484981,6717.89116340377,8088.77983154192,8073.44202318109,7960.99345666744,0.27960738171845,465.498027083995,391.555382214846,442.364991180371,1430.43804085851,1318.99859405212,1133.51709959545,8.73269440013456,36.8401556395496,0.0846377073523689,0.279868381928739,0.159377765064523,0.315238064508047,8.08787158917063,10.530438873213,0.255421658811615,0.618886469975022,9.13155263111483,10.9994696765515,0.633004178632579,1.94517098774954,NA,NA,NA,NA,NA,NA,NA,NA
"pg_as","quadratic",1600,1,11000,1000,50,188.031289339066,0.00106340467484701,0.00100849155731211,6.4759872159123e-06,6.27243097026035e-06,-3220.45112263856,1.0025359895555,1.00079281972299,1.01553123714255,1.00938962038541,1.0003000760148,1.00245064389153,1.00017910019247,1.00107886241776,1.01553123714255,111.098506248239,166.621412449055,163.826760420006,321.708638424007,412.874099023847,355.862445235935,21.2530034110502,305.288165347943,432.200443857107,425.574709747188,1040.15265542117,1420.51588827446,1653.91205696396,18.4264287754704,76.5674901172712,86.7585611686334,44.0873439016569,127.811437875829,211.926895850414,157.461116732348,32.2323151046206,140.239848377882,84.2173554317296,93.1969592381148,258.326504273373,208.21360989297,318.023419322138,28.4170120111796,3620.91027898908,3514.77016191155,3552.60212069758,5542.44123101839,5458.29640679352,5454.53562970418,1.50990600076153,111.452193857321,166.039183236387,163.886122464683,319.920815576087,406.626005523138,356.122468014121,21.0112851911196,5593.01843605803,5434.26725849354,5480.51603021281,7473.25423238111,7452.02592135459,7219.49004427834,1.48379453716035,255.709495824344,377.241559415328,373.3253968129,853.931849062507,1073.59701671727,1266.88854430067,20.5899185543357,44.0873439016569,0.407206111208447,0.679734943716493,0.74583250942345,1.37384849713788,19.2569560721339,29.4761645814385,0.592732168401751,1.70142329343492,29.7451475002784,39.7447374777345,1.3599305558302,4.54143484344599,NA,NA,NA,NA,NA,NA,NA,NA
"pg_as","quadratic",1600,1,22000,2000,100,737.052613019943,0.00122489113444925,0.00117350047888465,6.71059411426033e-06,6.50905889046879e-06,-3218.08443949031,1.00546959320388,1.00198492231493,1.00770859613052,1.00242967546347,1.00012720889895,1.00551062011637,1.0001027658463,1.002567184293,1.00770859613052,270.51774868971,244.779057229267,237.652355867279,660.51572581314,630.550478910723,701.094256911015,6.88841115362278,684.368678208677,782.520838046296,625.376257103126,1836.29334712383,2423.75901609417,2102.19237652474,11.3821096472416,102.411039857129,162.235025758749,228.495655775044,234.320047776062,228.533059504127,480.01700469157,38.3680888920013,239.722845541209,295.164324352205,272.488299803622,529.79522938677,513.212287563379,491.601297386171,10.3570133951435,9865.33700700598,9765.99589283098,9730.68964539263,13727.5727393232,13668.8885843497,13721.5331997619,0.713322983833138,270.709084489848,238.236881936828,238.626893333034,663.506916079859,641.294218629991,708.351661746419,7.4787099311813,12375.4794670644,12390.9163211611,12290.8463632247,15621.696426245,15460.2435986356,15438.3225515584,0.436149081212443,579.089312271338,684.761979089223,537.538652057593,1382.81632234724,1856.45048901541,1956.68677530979,12.6407911287265,102.411039857129,0.138946715672736,0.317914954287967,0.325245228504092,0.718802457284599,13.3848477472789,18.6249563420947,0.367285970781198,0.900216489785249,16.7904967005789,21.194818592716,0.785682462882292,1.87614330092583,NA,NA,NA,NA,NA,NA,NA,NA
"pg_as","quadratic",1600,1,22000,2000,200,1516.172301054,0.00130757797167323,0.00126049851442848,6.83884131710106e-06,6.63992062257801e-06,-3216.96915614394,1.00424107731172,1.0020185234424,1.00406472130807,1.00101564134843,1.00008288958371,1.00418334370025,1.00007537775368,1.00210221110447,1.00424107731172,315.783594397093,326.216983785538,370.88272589254,704.248291758309,581.355781947582,816.288939829954,8.66880553167583,802.341560983061,838.21563552259,947.629717285511,1993.60055153763,2844.29706313535,3162.02993033778,8.77245298979869,161.465766844257,159.159919692448,208.632863879119,309.451293708337,235.980918267251,400.140456418847,15.8267014295877,292.233730781475,230.924093987122,212.881833092458,554.142879607598,648.904226674215,378.499036502084,16.9537778079943,11537.7845562945,11654.9908031758,11793.0351236699,15329.0887837597,15316.2742721384,15403.4405120366,1.09558962052535,317.31757262059,325.741161337348,371.271695079691,744.486635900973,574.517907285971,825.380488677151,8.58476086644929,13129.3904026508,13199.2523743062,13270.6665874008,15828.1973527161,15923.4499115113,16006.5674824371,0.535157163629538,711.35057887322,705.122576958432,846.750447206384,1838.80560242849,2135.83852097965,2496.33988199559,10.6085353043952,159.159919692448,0.10649565800141,0.204100347627519,0.192744406805429,0.365488064398996,7.609810935257,10.110387040512,0.209288596289485,0.49103036335872,8.65956355588581,10.4395769146506,0.469175289891992,1.21279461519658,NA,NA,NA,NA,NA,NA,NA,NA
"pg_as","quadratic",1600,1,22000,2000,50,372.569563627243,0.00102371948840057,0.00097918711337663,6.60679751826814e-06,6.31385161395975e-06,-3220.95339334183,1.00520659950284,1.00204298199512,1.0022097589104,1.00139677413983,1.00014006443404,1.00520845235547,1.00009685567568,1.00246050967471,1.00520845235547,288.214797041391,327.590485249071,142.825174390554,501.219462823429,762.380655540232,358.561644142391,38.4850436592081,828.707662192445,833.913477933332,506.666455969491,2097.2961380874,2658.81237879987,1516.86072924546,25.9234561009832,151.228284347227,173.79214505865,228.576694486438,352.264157023913,341.141584251966,431.249058276707,21.5555590644469,189.321174378346,257.246898654546,215.395703736126,435.377836026505,492.722038561363,411.718524192855,15.5296398667136,7063.57211370895,7101.81277779822,7097.99424910733,10930.2137152281,11041.0462848238,11078.8452503802,0.297168049590981,287.017783925307,327.39037890868,141.855782438855,507.262295084589,740.250228450893,352.630028676061,38.7066415442714,10870.0272525754,10932.9188351508,10951.5062434038,14451.5806627776,14501.0398441695,14548.2101607019,0.39109059782135,721.539471086715,738.809368037597,376.558973071995,1781.80862878729,2169.540561555,1138.10453517647,33.3727960481454,141.855782438855,0.405906169239664,0.945499019282086,0.508149867464112,1.16858132958521,18.9590691331299,29.3373769151037,0.770373675001723,1.36152371156144,29.175832686781,38.7889459409423,1.93665704751078,4.78248574961426,NA,NA,NA,NA,NA,NA,NA,NA
"pg_as","quadratic",200,1,11000,1000,100,51.1674394607544,0.00447506393338438,0.00389874733517293,4.71699463801861e-05,4.15667980971138e-05,-370.183857257244,1.00096274952166,1.00036323696269,1.00415802804033,1.00391477037456,1.00023024124389,1.00112203803266,1.00018428913326,1.00053369736426,1.00415802804033,204.662367384374,301.352002006543,310.011117952348,486.79187118127,517.762900141202,705.333604314419,21.5007756807489,583.016540711368,613.035559269925,577.281957831575,1053.66974885403,1316.8421906813,1058.28274888366,3.24849117079746,187.969196660393,205.934864916626,206.735478191786,381.049543697527,531.381718973135,507.181347721516,5.29992782764059,171.120618086955,189.812040773357,128.672021859063,560.660887902958,256.147131260756,422.393353935939,19.1970244231295,4879.97997376102,4962.40090258555,5002.92601021026,6404.04074854262,6498.18554328438,6526.8849394589,1.26608589447202,199.205799951444,300.328100585768,309.310329128783,508.864165518541,545.842859991182,746.141339613532,22.6772108575545,4366.69716839793,4576.53125641898,4104.01389603399,5162.4271409371,5147.35420305484,4573.20414412798,5.4436962885164,495.666890324604,577.9376341134,492.732349787739,878.671555130016,1095.78565393372,930.664771218403,9.26398897537858,128.672021859063,3.6736095970674,7.4471098752126,3.34432638979726,10.9573762887429,95.3727609821864,125.158515181408,3.89321416218679,9.94507778543113,85.3413267190593,100.892817685292,9.68715447848006,17.17247461257,NA,NA,NA,NA,NA,NA,NA,NA
"pg_as","quadratic",200,1,11000,1000,200,102.129813432693,0.00462889478327662,0.00394744323096975,4.71557408767322e-05,4.0106317018647e-05,-370.097744450012,1.00236223711915,1.00184795132227,1.003923158807,1.00901029914027,1.00015416688319,1.00229535500471,1.00050081951583,1.00197296276273,1.00901029914027,376.803155855268,281.953405697187,344.058117615542,659.09914051751,562.786091259986,703.385621674099,14.4123097464721,815.131170405465,562.56870136149,683.560521167207,1326.87391073814,834.162767412741,1030.28188291246,18.384599290019,156.375481946246,232.286922697563,150.246519727868,275.473958209472,353.067194281138,452.514336316129,25.4400869570419,205.255102531437,142.231241124996,171.392180588094,308.266946950907,179.722808171325,331.840068211744,18.2361470992421,5327.85899271437,5314.67216055462,5506.40290397939,6565.6037009927,6926.53169859736,6976.02605327812,1.98946101235188,381.684276774191,283.977099747012,345.473122208002,664.818026118028,578.954034285496,717.887864410078,14.6555730230385,4396.57404904366,4313.66901014675,4262.73882864314,4851.72896466769,4354.92141423867,4804.44466848392,1.56212063630966,742.372480856818,517.571859731767,649.944994356743,1151.43899969053,796.667776036068,1028.49221679398,17.748191108027,142.231241124996,1.53114430243527,2.69729228861284,2.00974716033048,3.01838353160278,52.1675190978939,64.2868471048331,3.73724639207074,6.50953922045655,43.0488796686301,47.5055108943788,7.26891057473696,11.2742690991927,NA,NA,NA,NA,NA,NA,NA,NA
"pg_as","quadratic",200,1,11000,1000,50,24.0229706764221,0.00432921008895691,0.00385143687996318,4.41596678946242e-05,3.76002528282114e-05,-370.444552420142,1.0050202272934,1.00378302435754,1.00645617947384,1.0116539567148,1.00028273065906,1.00496019567489,1.00071236342527,1.00385514252786,1.0116539567148,387.894029807222,275.116848247093,320.276560220402,818.721123861585,502.187965148871,641.391108352326,17.3174313515706,903.041907397044,611.444722666115,656.856371900575,1118.44851197577,1416.03549244557,1454.95047482389,21.6772991400375,219.734977985582,178.1014389599,176.613136460986,536.37871774267,406.824533397244,444.075629584091,12.7834122537348,212.245003432202,193.721274207102,203.921086805553,439.956245646791,488.599951078314,435.193231572241,4.56363713759403,4221.3031114701,4262.09871980619,4035.5356060396,5909.14247099067,5801.67550848281,5684.65833156135,2.89396871120362,387.448137105068,276.212328526534,320.862167896965,789.361524471763,435.103605163724,630.671012877858,17.0571703676595,4291.42593915893,4118.6254231875,4163.50029079272,4984.28460677554,5244.50888784246,5307.16473743888,2.13936877646408,751.525945725346,549.988535715595,544.178640710951,1012.60827990057,1253.4735447836,1126.11692183442,19.1912604612829,176.613136460986,9.14686950857603,22.3277430991959,8.83508564744302,18.313981712453,175.719446538441,245.97884044334,16.1282358590787,32.8586141615908,178.638437225869,207.479943838398,31.2836391405559,42.1516678157717,NA,NA,NA,NA,NA,NA,NA,NA
"pg_as","quadratic",200,1,22000,2000,100,99.3900287151337,0.00462767274005803,0.00402631256935404,4.53677400198582e-05,3.85667934080917e-05,-370.084885764924,1.00175569742488,1.00133616616631,1.00276817373885,1.00229792511838,1.00013010216276,1.00173414607165,1.00023821893169,1.00143532462152,1.00276817373885,619.190708078078,600.591304276679,692.389174216357,1113.65502608378,1332.18691949251,1307.98018335891,7.61381409064705,1100.9701568921,1429.5511559725,1319.19613693568,1557.67636523263,3692.24561239963,2649.87083084187,13.0307410143543,412.884673547587,393.609353652883,402.386310682472,791.997575306604,711.931830445527,508.391746612489,2.39489273537763,363.442101712719,410.141008801548,361.645167811399,536.280473473963,753.591944715913,728.841707999157,7.26595019275573,9531.95977170327,9249.54597296632,9411.1897426935,12424.7954450608,11909.9277998042,11851.2209900755,1.5078268750555,634.889196789657,599.548505051093,695.647498201615,1102.76636978187,1249.36248550679,1389.98649597526,7.55508128484944,7773.64273504274,8589.11005279663,8178.26982286526,8833.18186469748,9411.76012635384,8885.35509516889,4.98435957883226,983.015899229545,1246.61761047851,1199.0764605586,1359.26605317915,3384.40918208291,2331.20706865948,12.292562462798,361.645167811399,4.15418607766957,7.96858181394217,3.656725995667,5.39571705941469,95.9045881657128,125.010482496912,6.38785605555404,11.0953420985777,78.2135072857574,88.873924063496,9.89048812982046,13.676080696938,NA,NA,NA,NA,NA,NA,NA,NA
"pg_as","quadratic",200,1,22000,2000,200,184.072028398514,0.00489946057943138,0.0041441445551903,4.66034216010828e-05,4.02274000092973e-05,-369.833195824654,1.00063609661938,1.00044276141831,1.00168417034413,1.00083390140542,1.000073325532,1.00064378608883,1.00010162700223,1.00043358962761,1.00168417034413,721.125255321054,646.29816560699,671.203972377544,1376.80601439061,919.26137869531,1089.12133001036,5.60731454639904,1492.98276262521,1137.58768072109,1422.36739266678,2358.72541013747,1796.07990382515,2075.01490119169,13.9265786464335,361.554575127061,393.970200320495,390.889546481648,857.064967375609,726.778792691837,702.909364737532,4.68215214290774,323.618337597967,308.969678093683,390.240402929058,751.347740578117,717.63153709392,649.313983199881,12.7049724176701,10575.4802829556,10657.2406636562,10483.5516512677,12614.0902047802,13025.9058872045,13096.9239490442,0.821919709872398,716.2473811859,653.034380619439,672.196362082791,1373.79576203277,939.242634172995,1145.83063245812,4.76314442503181,8388.72916039015,8311.62796403546,8461.89664590299,9468.06662141885,8809.94025715727,9013.26208946118,0.895900531847797,1328.56382938722,1028.41202470367,1278.07497891013,2031.36875388563,1469.50255330444,1853.83767774434,13.2636028259854,308.969678093683,1.96420161320926,4.65613909311671,1.75810708673964,4.08181377211456,57.4529458656252,68.5280121837462,3.89112559587398,7.46335971839524,45.5730793721067,51.4367484500176,7.21763019045401,11.0357275440446,NA,NA,NA,NA,NA,NA,NA,NA
"pg_as","quadratic",200,1,22000,2000,50,54.6824634075165,0.00456437062774725,0.00394554435308559,4.56721224105567e-05,3.90395419489969e-05,-370.170009667979,1.00135429780609,1.00062769853788,1.00208617376036,1.00103686736674,1.00016429879426,1.00135353123787,1.00014923503485,1.00069453034045,1.00208617376036,579.584801168457,621.587742298781,719.744269904395,1080.03287921226,949.113250403878,1586.77595185578,11.2337124892038,1136.41003187719,1345.86652866053,1528.82011877248,2007.28529366282,2741.6804605001,2976.58354200675,14.6858203902366,416.049779510117,401.815228862831,335.69089029715,883.88994725867,1068.10494813825,689.578050384631,11.1518252195077,391.324976038338,358.738753725342,378.539056208952,694.850930430031,644.299152538326,606.393216188545,4.36427765799306,8439.84944530846,8335.37202980663,8145.10181830217,11458.6738104047,11621.5784247953,11343.9496599579,1.79901737706245,589.167390269751,617.499500541628,725.529211570426,1030.17497049577,959.954940660226,1674.75253360891,11.1724595821745,8151.49311190141,7849.79227516219,8019.368491955,8794.69116635385,8905.78867061362,8805.43806613325,1.88884129086547,989.553078176362,1193.47611795198,1359.13871343075,1918.92668968973,2295.83672800108,2758.90757053701,15.678753489904,335.69089029715,7.60846811910321,16.1640477070602,7.1563157848618,12.7070158718292,154.342890195184,209.549334400133,10.7743388566647,18.8392202234649,149.069603012452,160.832022156942,18.0963514902721,35.0921770913846,NA,NA,NA,NA,NA,NA,NA,NA
"pg_as","sinusoidal",1600,1,11000,1000,100,369.944604635239,0.00115214645438722,0.00108423008216512,6.58997732735106e-06,6.29736341363622e-06,-3234.02381084216,1.00899558258629,1.00356385238702,1.00691640309219,1.01733216031933,1.00021853377583,1.00902592793065,1.00028113130366,1.00411202405044,1.01733216031933,176.659743299045,189.666582872696,182.042129765093,280.236469997108,334.762760290479,274.021443878848,3.57545017205429,433.882228095112,455.164250573717,495.088976286876,988.326667898299,1161.08867895363,1201.02907072702,6.73480973801147,73.2822278271867,112.003477480131,77.2966045249942,124.505511740124,269.613213673611,224.585107931275,24.3257370740904,79.7443573991803,129.464064698425,57.4797191288567,116.019810034641,306.701657258823,170.377052044947,41.4579342179605,4886.09913733424,4901.03325332108,4915.8486549751,6749.94880042789,6816.464107528,6883.44693445497,0.303505763585695,176.660394734602,188.572832606788,180.822564709558,272.563442039476,323.311016392304,283.921633811452,3.32142499214756,6128.13795519532,6163.61583392875,6168.32918305837,7618.44983163267,7789.76139631898,7836.9374539087,0.357049582790555,381.77795713131,395.57617739539,427.421673025857,909.189337471294,917.704335612988,991.502925970745,5.82904030900916,57.4797191288567,0.198089732649141,0.336551770670869,0.215557562943261,0.313614007559417,13.2076507566636,18.2458365816235,0.477532021067822,0.736768258340248,16.5650150817515,20.593488149785,1.03198682275077,2.45763643010214,NA,NA,NA,NA,NA,NA,NA,NA
"pg_as","sinusoidal",1600,1,11000,1000,200,735.698138952255,0.00134158587133255,0.00128648456787089,6.86620043421738e-06,6.68348948641923e-06,-3231.31123618687,1.01033972719082,1.00351062559982,1.02803690794914,1.00485321015676,1.00022507183724,1.01045414686189,1.000195500417,1.00428620671306,1.02803690794914,238.593163321302,180.741869702716,181.120076554096,557.338664165016,386.412703309315,387.979707026713,16.6332924345357,600.096158103725,468.025659427942,472.639953266698,2059.7373546869,1570.53268564468,1236.87851273081,14.5942916666498,99.123869783037,75.6558748806656,24.5199181191231,188.034838895412,145.983679619096,104.278237866387,57.4222984036291,123.115515872101,140.989977187712,136.891632445755,235.115432510026,226.963747748418,162.266267361173,7.00531817820025,5958.57452617486,5779.72595899792,5819.73197889413,7722.74669881878,7626.60179544414,7662.67582544825,1.6038067216175,237.64675973835,182.631471659608,181.273230258362,549.982292182669,400.212079826294,370.00574468742,16.0397013559031,6679.11216931862,6525.08188120276,6509.58919037094,8116.99999891938,7937.49445531601,7855.71013682587,1.42624765190827,525.827880479663,419.271856471538,417.4402018598,1728.00500582264,1432.63829354524,1083.58883380437,13.6632311866996,24.5199181191231,0.134734430515489,0.255586943801709,0.167345150617665,0.319581388155834,8.09921109038112,10.4971676424479,0.323022102620505,0.747565153509735,9.07860413896205,11.0330576756375,0.714733193736933,2.34879621726865,NA,NA,NA,NA,NA,NA,NA,NA
"pg_as","sinusoidal",1600,1,11000,1000,50,186.797731161118,0.000943377919961388,0.000917483125282041,6.32630954366103e-06,6.14135273206833e-06,-3237.19880887626,1.01004724954068,1.00422780447238,1.01279872139315,1.00827370995546,1.00031441313507,1.01011343795196,1.00021606028347,1.0048248733771,1.01279872139315,115.608983721806,224.631371663489,82.9045487856923,315.786117158717,389.305603213922,190.823720486899,52.6125524809222,295.140006870854,548.554033960081,196.455141444632,1054.9940410646,1432.60998976721,500.000469345499,52.3849952717558,99.1810429686709,97.4726373430625,124.677495398394,234.460389495404,141.128731264046,274.296258571021,14.225995648721,129.86873244267,165.607059935521,157.107363348228,265.238483495587,283.179342925954,173.395342643847,12.3756337084577,3477.14974969232,3621.69793152235,3554.48007737456,5422.0777276977,5553.88102062008,5474.4154222532,2.03691344804705,116.051936306689,225.727118743352,83.6730995866593,303.318027741063,412.459263303126,183.323534295204,52.4967458081989,5344.57461016694,5591.7892891301,5356.27211373261,7397.80246522235,7566.31926656681,7351.3007896382,2.56819155872213,258.882348412278,505.065880499629,163.885798998829,772.10434674264,1144.98527797046,475.894123978059,56.934053753826,82.9045487856923,0.530954216371744,1.25515651629182,0.695237204624584,1.41992347469581,18.6145181104646,29.0264645828114,0.621270588166789,1.6237779005969,28.6115606273457,39.6032779372548,1.38589664233655,4.13337111721492,NA,NA,NA,NA,NA,NA,NA,NA
"pg_as","sinusoidal",1600,1,22000,2000,100,745.566054344177,0.00116935573570598,0.00110323225028557,6.82512803344484e-06,6.5605926097011e-06,-3233.77414487215,1.00212093978304,1.00076502040122,1.00714938650856,1.01307958407268,1.00010628901878,1.00208870958897,1.00017629435171,1.00090435975587,1.01307958407268,299.302831078349,336.076329211722,452.176419490665,480.234160030767,1049.66032615656,706.578358492873,22.010828778665,855.900961939122,885.206749053418,1210.4584833774,2042.83738700071,3426.21440960647,3183.48785469449,20.0019545587305,106.610365303734,177.053005997084,187.3320080039,226.148097575752,458.27386491028,409.606429634267,27.9868900496417,130.169600063434,265.257278301427,283.664520047284,481.423264982231,574.539211119934,637.648688609883,37.0260092081244,9683.14398465554,9884.13080768152,9846.8150466436,13552.5329188819,13778.7763269822,13697.7058448128,1.09037908020725,298.254337051517,334.315722980162,451.046625685482,479.783485298069,1050.75163382105,680.079719187808,22.1111120435552,12274.8681877024,12506.6614679282,12396.7974881395,14939.9571119005,15591.7690068966,15371.7249414443,0.935617382128268,728.996336709813,799.488448168442,1095.6250786038,1627.69328514551,2619.69688959482,2534.70296335086,22.2410669600873,106.610365303734,0.14299251512666,0.303324026433417,0.17459163987547,0.645715107571126,12.9876406365807,18.1775080020283,0.400037441771502,0.643515732110553,16.4638238505906,20.0384084345714,0.977775654433544,2.18316442340884,NA,NA,NA,NA,NA,NA,NA,NA
"pg_as","sinusoidal",1600,1,22000,2000,200,1484.85665941238,0.00126685946429442,0.00121688863012877,6.68486112168659e-06,6.40650053101084e-06,-3232.4133099049,1.00133994396116,1.0003176836721,1.00887559038498,1.00179827496686,1.00008618501419,1.00137145079909,1.00009363630041,1.00047771396478,1.00887559038498,386.223399591552,444.448920092308,356.170382438897,856.422854233785,1032.06313275493,867.81716389416,11.3449519124461,1035.88976328065,1247.55973497599,933.948927414209,3304.8950230594,3776.55573047146,3093.74383893665,14.9163530441753,146.294708329232,114.869350919479,173.36766279932,338.595107736369,407.261468400021,405.33046401151,20.2121923756566,276.816023000214,230.307866131682,269.664302136929,573.06806885245,357.233938363756,509.057383038004,9.67197173154394,11634.3695158844,11517.8681514802,11641.5091705679,15337.6145581122,15263.0387140948,15281.6198203127,0.59851262336633,384.548652257355,444.865464395781,355.639038431576,855.055592888602,1047.42527824749,841.770809301417,11.5248388523046,13082.45498441,13055.3055164422,13282.5269542466,15928.1855894405,15830.6823177009,15853.0481264099,0.944389562789197,934.796318817841,1074.03164029373,798.490568453358,2798.33320751579,3028.43704837601,2759.13833805058,14.7229247581941,114.869350919479,0.0985244652417336,0.228032184514271,0.186426091195739,0.385941676740188,7.83534857868945,10.3293570196748,0.258980319628654,0.575850596398296,8.81058444361036,10.7270863409428,0.629553238618855,1.88458137677963,NA,NA,NA,NA,NA,NA,NA,NA
"pg_as","sinusoidal",1600,1,22000,2000,50,375.785652399063,0.00104507458319658,0.00100460499725262,6.40231921229915e-06,6.24811308679753e-06,-3235.65384916014,1.00316082309393,1.00134607757793,1.01419369712099,1.00183509445836,1.00016603324051,1.00309136861584,1.00009945041089,1.00140480340843,1.01419369712099,270.294168443717,382.302490435549,221.749857734593,677.545022708507,597.936684878466,719.544532064122,28.2520639319119,824.101919567214,950.599529892372,638.322032321521,2524.92529073936,2462.45109376744,2368.50566056187,19.5282542675898,181.464197553478,155.756086619886,163.86348164167,484.093986090128,479.684078990197,295.953253669089,7.86871132989257,279.051624745083,229.090333318228,269.279585584288,388.990429539159,317.758508676153,433.108422672213,10.2179779011421,7170.5538874086,7210.78487548919,7029.76265008125,11131.649779455,11214.3400572644,10998.6563819852,1.33181937083095,268.85578587532,383.102895908931,220.353097901707,691.700956837173,589.603846970363,703.275250835813,28.7370089416788,11057.4615193482,10996.2278139611,10773.6291607117,14862.1360267447,14821.4615629094,14813.1903873995,1.36501209275986,712.484890583998,849.516698494026,533.215003986665,2084.30721341372,1998.4502360067,2056.28211924826,22.7117589663895,155.756086619886,0.48289283104607,1.288218384602,0.742581902644719,1.03513912001641,19.0814998966322,29.622338448499,0.715449842640108,1.84067952680276,29.424916701199,39.5495036382123,1.89598747593317,5.54653217893564,NA,NA,NA,NA,NA,NA,NA,NA
"pg_as","sinusoidal",200,1,11000,1000,100,48.4473347663879,0.00498077171301188,0.00430585923397776,3.69619688223125e-05,3.18343190552299e-05,-373.149106793279,1.00142406540287,1.00063206591735,1.00439968060328,1.00417523603176,1.00021743856642,1.00152813894309,1.00021990194263,1.00069006865335,1.00439968060328,436.047680485654,345.581521849203,408.326642632566,908.308148267549,483.046373451794,648.029555615751,11.6851248544875,1196.48689340736,724.399003271803,892.800143828768,2611.60865392492,1045.2879480906,1300.41246519865,25.5095467119908,181.732329612589,162.270051464422,206.429583211374,441.910936504193,422.278662336338,374.140557549568,12.0622108054235,215.971560742961,230.640017469726,160.929417597148,464.686073883084,358.800875777534,454.913953517599,18.1480363691749,5135.58620809026,5221.65792635661,5151.90827226351,6468.08067387318,6624.67902812008,6642.02868284782,0.884305364520639,439.839946551362,345.193102098965,409.274522489827,1032.09472543581,524.667721381138,667.651714554025,12.1331419317483,5688.77041441616,5401.95809078876,5371.36659947868,5600.34833917649,5416.57939502392,5438.18582857766,3.19081308929429,1113.77434432452,659.916154786134,800.838075554899,2235.66918789598,996.866185090218,1380.17537718661,27.0688499943882,160.929417597148,3.7511316254836,9.12147053362334,4.4578625797347,9.59157146876688,106.003482603407,133.507461350808,9.07872329143101,21.3034366165353,117.421741399136,115.596623966649,22.9893832074585,46.146381399025,NA,NA,NA,NA,NA,NA,NA,NA
"pg_as","sinusoidal",200,1,11000,1000,200,93.8217549324036,0.00454698856853856,0.003998214029035,3.63322372042989e-05,3.10970338851651e-05,-373.606258410963,1.00103734723904,1.00025277442797,1.00505671456122,1.00286307766123,1.00015772373198,1.00095194309285,1.00017424366096,1.00048002209964,1.00505671456122,412.65936287407,427.614164846962,367.128757833493,1003.20862060401,937.628809581875,647.810176199223,7.82781570516698,1052.65949996761,991.474160030596,752.740222625189,2135.46034120577,1975.80202944116,1855.55703866874,16.9986206589906,176.669418887147,222.317984268315,226.638243926276,441.8566289874,547.440357069722,430.867574046952,13.2763540718725,200.553291463437,152.726856879918,252.417557552842,419.667619543082,123.917428716005,379.095894159373,24.6949807858824,5603.60413671801,5463.2732781371,5572.07611935356,6801.45568734384,6680.00181277027,6952.77254491635,1.32747728433335,410.327948225591,436.111106705399,368.811494346482,1016.93531034854,950.275191541176,629.846533545576,8.38220565843799,5860.5185168383,5117.12550710524,5760.11445364735,5883.78175803892,4133.8716303587,5823.72332599533,7.22946856414413,950.260425906981,884.806229590672,672.516616876086,1786.51773059401,1294.51443696999,1765.63647817045,17.3709308367709,152.726856879918,1.88303255481027,4.70953276567623,2.13759902069548,4.4730310133875,59.7260639683757,72.4933752544293,4.37348404451849,10.8390139481107,62.4643881481504,62.7123396090603,10.1283591059624,19.0416149418774,NA,NA,NA,NA,NA,NA,NA,NA
"pg_as","sinusoidal",200,1,11000,1000,50,24.0166354179382,0.00430513173727094,0.00377490283376834,3.88060530371548e-05,3.23864543790482e-05,-373.854447769651,1.0029122229921,1.00052831961365,1.003441750621,1.00152628282179,1.00023752598225,1.00280378905802,1.00018449658124,1.00083487436595,1.003441750621,338.498914237478,258.075048869764,249.248210421622,713.566506115827,420.996131751678,734.321720511583,17.4431213766529,897.741129355977,631.70115767527,639.850104666166,1820.26335992235,1109.8214170613,1463.05547277096,20.9239736612264,198.008130134361,212.531900044639,179.34132123665,541.071774135808,395.003370715407,337.98817514768,8.46186951668268,205.431626392072,170.258594985305,241.886951894282,297.504308500475,388.524303998214,472.242250112468,17.3983558302129,4127.74674039658,4202.48931705135,4303.53326188681,5748.0902151536,5666.97142210002,5842.85519396657,2.09487569993285,334.358108795775,254.961344635325,244.711101867671,817.996982612295,401.880882368344,636.792779541119,17.649400145842,5005.498341402,5059.51293476416,5251.84413804597,4643.97805974252,4967.68981322956,5607.28983132573,2.53608889486424,831.386284077028,553.718081465077,550.727611105116,1615.08138251846,902.780835626343,1244.11344628596,24.9787207978511,170.258594985305,8.24462405697625,22.5290414215006,8.55372215204772,12.3874266034062,171.87031691015,239.337863740077,13.9219379807898,34.0595994558558,208.417967558576,193.36505630068,34.6171005892049,67.2484448555245,NA,NA,NA,NA,NA,NA,NA,NA
"pg_as","sinusoidal",200,1,22000,2000,100,93.1097939014435,0.00452957567696066,0.00392048183471162,3.4587407133374e-05,2.99286036080022e-05,-373.674369743883,1.00077951643476,1.00037860272974,1.00468966324387,1.00492367891773,1.00010740771345,1.00080151827931,1.00019625530466,1.00059333652454,1.00492367891773,715.313307582773,705.687561853795,669.165750027493,1783.2080079763,1282.03017592103,1671.31332796909,3.49422918032458,1850.53246178613,1720.76070396096,1828.87228438425,4031.38340287576,2463.7980291346,2971.0219290476,3.86209082852991,338.246459203541,360.153284596435,419.037460428028,858.010484679721,1021.98654625486,865.810656385349,11.2172895663113,391.202347329727,391.817476288432,374.540174061112,923.557631987741,888.635621850383,551.253318074553,2.54042357623788,10120.0924413018,10107.0027262151,10245.3691701102,12555.4623890687,12785.7310013852,12706.2831727418,0.752037535045218,720.154476695677,711.232000983681,665.672623035576,1777.07789031668,1262.05401865472,1666.89604026984,4.18042098711526,10970.1114196515,10795.0826400058,10533.499960502,11028.7049443881,9906.51593500225,10372.4625264094,2.04092724266579,1586.51230767554,1596.49985324156,1583.87355915332,3758.29243237356,2419.48352198387,2698.33775394224,0.419144540304305,338.246459203541,3.63276992709891,9.21504010188147,4.20151662824873,9.91901703665379,108.689881238636,134.845775755433,7.73446537168752,19.0858320682969,117.819092492711,118.448387460313,17.0391560457631,40.3640935598214,NA,NA,NA,NA,NA,NA,NA,NA
"pg_as","sinusoidal",200,1,22000,2000,200,184.008333206177,0.00475426860929709,0.00417869426533463,3.94130157683537e-05,3.39293901523331e-05,-373.295137544343,1.00040585676165,1.00021499608531,1.00290392629223,1.00146416259748,1.00008959128787,1.00065917073531,1.00011702603409,1.0003509864523,1.00290392629223,672.677960253159,693.17045154922,737.035068161753,1608.7006537498,1253.99331615697,1608.55826974184,4.69045542539452,1423.33637347755,1686.17369103603,1803.440822662,3367.22492317425,3727.53210781293,2747.50319560565,11.8854795125174,376.095749913061,351.860958133494,335.16585199046,1056.13816815306,928.663066936118,730.033836930602,5.80752339674153,316.606549060988,479.63363915086,397.819726727555,655.476294152153,675.705361489706,569.789394457513,20.4798088842131,11079.2569842034,11090.3759383057,10946.9300228533,13303.5455046665,13449.5191650337,12984.1583208684,0.722925196133397,678.233648626473,693.897642521538,731.434672888739,1569.30216712721,1267.76871701587,1548.47898074714,3.89904321563543,10752.3047633222,10961.738609297,10873.5554679287,10405.9809738337,10279.7797541238,9930.79839647998,0.96801648872478,1221.08594201118,1583.29529821467,1599.20167029415,2852.14247607927,3169.04451833143,2584.93571362125,14.5695936120167,316.606549060988,2.04390607403446,5.73962140600276,1.7206098416545,3.56220983436499,60.2106262860897,72.2986033994462,3.6858855075141,8.52842988023181,58.4337925134866,56.5516832445522,6.63603610083781,15.5000723411994,NA,NA,NA,NA,NA,NA,NA,NA
"pg_as","sinusoidal",200,1,22000,2000,50,47.7716858386993,0.00425935534372161,0.00367097129833624,3.74671556857403e-05,3.16921001585468e-05,-373.90544530876,1.00248685801342,1.00073571625442,1.00627895113597,1.00126314223001,1.00024895649124,1.00247271183626,1.00022347857468,1.00084428069868,1.00627895113597,590.831559093232,758.867184429093,752.158963049164,1571.3093506186,1515.85143853855,1662.58476402172,13.579139036037,1347.29121356617,1751.38802419949,1830.03298994262,3008.27911161929,3000.45792087489,4038.73645775204,15.7654110519623,419.948958098496,313.718277567418,395.599898798957,886.316572091485,583.23394815813,990.475477592797,14.784282107061,314.030374028713,415.273732383858,451.524489590691,624.354351689145,658.644212496699,730.85040424533,18.1045457058432,8326.71862889939,8143.34625749089,8356.94320255691,11172.7854113422,11047.9557616798,11502.713628042,1.39671294551885,588.969323577299,755.855078531042,743.225997986541,1590.53303999302,1421.1331644189,1656.78704610268,13.3503442171152,10145.1253370366,9586.75562263977,10260.4582538358,9756.09194227372,9063.40233138401,10097.4505276178,3.6040524271935,1151.67867591083,1558.68750302736,1661.9958442766,2776.76166474501,2698.0896933977,3889.83745075815,18.5117370016654,313.718277567418,8.79075022632547,18.5531776099367,6.5735669260037,13.0695482214564,174.302381896559,233.878817864352,12.3288369090835,33.2944716534275,212.366910627594,204.223312847176,24.107976423513,58.125678757093,NA,NA,NA,NA,NA,NA,NA,NA
"sir_collapsed","constant",1600,1,11000,1000,NA,35.1381707191467,0.00175045059565072,0.00166700555497279,8.64306023881621e-06,8.05996240525093e-06,-3220.37618921515,1.00000948380479,1.0000149815401,1.00061089848258,1.00073421800152,1.00007213556709,1.00073775308192,1.00007064448915,1.00057100462356,1.00073775308192,3061.89084762138,3540.09216325973,3612.00964228676,6603.49215283911,5928.4119303198,6539.32406741885,8.78267025064919,3078.01940194951,3412.64160708043,3693.14682658567,5521.23174450067,5320.06323541614,6162.98486157914,9.07205483352124,1682.10230156047,1793.433783565,1748.49990116151,2159.49121564871,2358.94265361319,2160.7452131435,3.21645069520164,2753.19395469043,3242.62068395781,2942.13308166564,3107.51297036705,3898.3714533839,3308.47746778447,8.28455005794594,7308.33846733265,7346.74086865759,7303.01051172573,8777.25996797895,8817.01163629728,8781.95493257825,0.325969276721002,3276.17524198246,3780.51858685171,3752.84485733762,6438.89066151229,6505.83691139665,6474.98259638147,7.86893566180918,7305.88227831322,7350.58868266326,7355.67141046115,8634.61332391665,8687.81584707383,8675.32528511383,0.373384427231946,2867.32505128533,3294.75564372215,3507.4320521766,5449.54464233944,5136.58778436761,5188.06316209308,10.1143359930928,1682.10230156047,47.8710834153894,61.457132555623,78.3533661070814,88.4369592032795,207.988586706659,249.792740724441,93.2369322287253,183.244902330779,207.918685827668,245.733148516228,81.6014320780486,155.089025148654,NA,NA,0.441454545454545,0.432454545454545,3.7854882531859,0.00612326678367818,2.24317707722417,1.90431694296418e-05
"sir_collapsed","constant",200,1,11000,1000,NA,4.93565559387207,0.0165907700129787,0.0155480302390771,9.58295754615935e-05,6.04521613149882e-05,-369.817543379772,1.00025721314066,1.00033528669177,1.00462784263154,1.00157367878352,1.00012575197222,1.00100274447639,1.00038163603319,1.00144806627732,1.00462784263154,4357.57752437289,4911.2630709401,5195.3687171398,6758.70554271228,7192.50220327897,7247.22021395256,8.83690770515985,3951.33058009199,4773.70703888184,4995.20145244002,5237.65637873127,6113.35840770443,7168.14621018795,12.0261262952622,153.397834954869,627.989098612757,1076.91614214806,37.4713471271674,180.030087409212,412.895421380728,74.5548865055624,431.406514659586,1480.26323701209,2138.32853927061,640.367686505672,1205.88861395443,1752.52455658478,63.7692522162995,7604.8267167415,8132.2215702991,8387.86485551828,8905.75394431897,9092.00699876835,9075.72907344803,4.96541843581404,1350.26903946375,4442.21577443273,5020.28147262427,7170.51125325014,7814.7823555266,7818.70474750626,54.748947489686,4672.90482067483,6007.83739995164,6642.90479608743,5992.69079879835,7050.64677190439,7760.32067209673,17.41272143126,426.317647609593,1595.12207138152,2562.77736546464,523.760318634393,2101.99354324336,3256.78349642056,70.0102243655056,153.397834954869,31.07952571596,7.59196958022973,87.406121933468,129.743186964003,1540.7936336124,1804.37102527495,273.574404409456,1452.798137324,946.764767476187,1214.16308022761,86.37508016947,106.117679540824,NA,NA,0.526,0.663545454545455,3.63158955739638,0.0517704521524108,1.55161602405877,6.65320506489453e-05
"sir_collapsed","quadratic",1600,1,11000,1000,NA,34.7233278751373,0.00138587612203738,0.00131881801463562,7.2781298199363e-06,6.78444283073774e-06,-3215.48003307255,1.00027243699849,1.0002050837889,1.00134390416459,1.00034171206832,1.00006484808862,1.00032597509646,1.00005641067573,1.00033891983764,1.00134390416459,2942.88825467446,2870.17744610245,2765.32127512784,5759.25794847174,6209.70536949051,5879.96085642672,3.12181480937004,3388.09855278728,2864.47945552983,2902.06065287726,6138.81509090178,5955.87737595392,6011.6003283614,9.57114639307784,1805.71101564048,2211.34714746648,1847.8305396336,2351.81382327012,2665.2457494869,2162.55844278243,11.4084916962109,2779.09900024647,2720.12099905718,3104.94401394631,3086.02285574716,3152.83173173705,3500.40048076079,7.22652744031708,6999.58657400878,6949.6570321777,7007.29773923004,8708.24156193283,8677.92860547265,8649.39315643641,0.44794556120744,3056.75311285099,3023.57529542651,2923.86007520481,5599.68541661746,6252.33091231222,6325.72001933264,2.30449453950995,7096.19037242288,7075.26240866099,7038.76354484106,8512.99501755317,8566.29971191678,8558.51635157108,0.411072371530877,3071.04127129243,2739.71303779132,2669.56691616944,5528.2700835257,5626.89606545397,5279.18935164768,7.58566842991989,1805.71101564048,52.0028213348008,67.7300813944758,80.0355026522779,88.8746282281548,201.581674405714,250.789371146886,88.0316864743743,161.265804843175,204.363775210149,245.166449718337,88.4431723346243,159.209108741103,NA,NA,0.419363636363636,0.416545454545455,3.26375290720641,0.00472189923158942,2.19985865914281,1.54051489248148e-05
"sir_collapsed","quadratic",200,1,11000,1000,NA,4.73162627220154,0.00484884163764227,0.00417335649562199,5.09453939227526e-05,4.15615413502435e-05,-369.705679891573,1.00059660395952,1.00063500611735,1.00023877146006,1.00194611694647,1.00007902049535,1.00044341495308,1.00014586592532,1.00062706637328,1.00194611694647,3390.88939193461,3223.76698747471,3213.83930952065,6006.26495096055,6030.67063748672,5514.4250920247,3.03641465529638,3534.63746074328,3183.02528572433,3288.62204879189,5289.34870576372,4821.05596671512,5296.6182374581,5.4091605810647,2621.06798747795,2523.368849958,2643.1891572106,3084.708085167,2430.47777906477,2304.81031079839,2.45617141679484,4102.68969593425,3548.85301047921,3774.15851993045,5388.06416316254,4066.89605205606,4539.62242846647,7.31290834101931,7083.99582989267,6879.56254911903,7036.25765747662,8654.8471022781,8611.20016190492,8591.12242559644,1.52781978326433,3793.03094056375,3091.22696418443,3536.39030576516,6539.47498578605,5506.02425841362,5771.58656617199,10.2228885630002,6626.47700191277,6199.60744191607,6472.68718005685,8169.91054631158,7815.20493531133,8063.87424719654,3.36075677801876,3391.61244786344,2713.9359520541,2940.33024383987,5858.77206784647,5017.82310062983,4893.98361156781,11.4417181556248,2523.368849958,553.946536918355,651.934009093186,867.078137603066,1138.73409546684,1497.15878270255,1829.14850082848,801.633671460473,1382.07766412273,1400.46500308859,1726.6601536791,716.796351349488,1238.21530501404,NA,NA,0.657090909090909,0.718909090909091,2.90225855631221,0.0105195483293691,2.36472714860619,9.06462335363721e-05
"sir_laplace","constant",1600,1,11000,1000,NA,15.2857365608215,0.00178310737473358,0.00172411446178277,8.17264335748685e-06,7.89270936264872e-06,-3220.2042241557,1.00073725553256,1.00044381256586,1.00792749776588,1.00254367058136,1.00008742386225,1.00068914435189,1.00009890547137,1.00060035003559,1.00792749776588,3419.78561182975,3246.20347165196,3463.71026909709,6321.42650846631,6063.27294576863,6224.47407676525,3.4062417146422,3601.65259667472,3479.91286881628,3419.79667252293,6308.96100414634,4646.26571060993,5608.90786577615,2.64684987040748,77.7824049001799,69.8357452494057,88.0504196429909,214.472944382275,202.091961737101,191.55248436957,11.6247459746226,108.607578418111,124.840818888949,100.503090056369,251.095881922,174.567478398517,244.123992205973,11.1330975355669,7265.98631944087,7293.15412522463,7369.13521985072,8741.8575815131,8694.26139637,8765.87633627141,0.73145019078145,3418.87517220302,3398.4564098511,3569.49508377167,6148.24409416133,5862.89619873834,6246.16419651825,2.6980639804442,7169.40935747854,7045.84803417554,7184.10166708982,8277.63678329023,8247.80099754365,8286.37970355852,1.06455024865531,1695.1204695545,1273.49581358059,2071.74282767825,3952.48430936143,3010.48199778145,3967.8388895148,23.7682394024151,69.8357452494057,5.08856112956584,14.0309198401329,7.10515832756662,16.4268094587982,475.344206707325,571.89639156278,223.664404956831,402.220990117005,469.026096907509,541.526850888326,110.895570050528,258.573363058731,NA,NA,NA,NA,NA,NA,NA,NA
"sir_laplace","constant",200,1,11000,1000,NA,2.36329221725464,0.0181342178778005,0.0170088961713432,6.63676886998521e-05,4.95712044799176e-05,-369.025569029471,1.00003838990616,1.00067137608276,1.01042347925527,1.0187302078578,1.00023600632466,1.00148481906489,1.00170885096677,1.00950396662196,1.0187302078578,6173.37592541539,4665.32182260018,4674.3711581799,8049.05311541289,7045.51465539074,6101.01205050629,16.787295692572,5902.43624489355,4133.93532717461,4176.88451682309,5257.98478120284,3136.93850775508,2230.99860855644,21.2943752265172,161.178588130594,114.433619467525,123.280136323688,249.978692067649,90.5084474475664,128.645536943161,18.6754033675464,109.858786159104,67.9941018640388,63.5410614022122,197.848686715803,196.858942007263,104.181033796523,31.7571192654209,7499.98650084701,7011.33583597865,6659.56665718472,8163.77769854067,7842.11540964507,7815.37248232129,5.98081197610474,1301.02808459484,1620.83132526053,1007.49605178929,4000.73606345081,3561.57431526855,3146.64611360435,23.4207415742486,4655.08660448115,3592.18474524475,3493.95283144636,4296.88033433348,3507.73232902229,2945.09803689408,16.4522820686618,252.767450571477,126.244524467109,122.187618090494,410.642664058332,248.522459767462,200.108675811122,44.4415091426479,63.5410614022122,68.200871205775,105.77561684608,46.4854855260867,83.7174028972335,3173.5332795872,3454.40891267533,550.515114083608,1692.86558566098,1969.74651314547,1818.17563776562,106.955648026087,173.75873413376,NA,NA,NA,NA,NA,NA,NA,NA
"sir_laplace","quadratic",1600,1,11000,1000,NA,14.6151921749115,0.00133763814296278,0.00128959831448885,6.99691067595758e-06,6.60948590590376e-06,-3216.30630819988,1.00028921023133,1.00020928966135,1.00475825314949,1.00905952617044,1.00008860638521,1.00048646826137,1.00009687788386,1.00057971030636,1.00905952617044,3469.0394543305,3147.78430963114,3134.73629161581,5599.97667835693,5612.49466687344,5468.62840283909,5.82540033784292,3342.87041388312,2972.3464658616,3104.5078719004,5094.93280142129,5610.11904688613,5150.87199689646,5.9804770724377,117.596828419394,92.0393925345902,93.7708505401004,291.252583066246,283.412756407709,210.736931824323,14.1216483518429,92.8900141855926,102.099219253121,144.812534454831,172.809911442349,275.015361005142,196.534864772768,24.4592721769815,7019.42523328515,7056.6849099371,7035.95070054041,8640.33612689973,8633.88157320521,8636.23563345268,0.265290257705618,3568.63526341208,3279.55505663821,3304.60114176495,5764.78123265501,5624.3323983848,5448.74799644842,4.73251211165398,6903.5226427396,7001.46038109405,6963.54235586504,8099.20333011593,8073.56618061932,8291.54129567374,0.709912577926444,3136.03813122655,2871.58287908814,2871.46402911097,4569.80958057038,4527.80510352447,4611.26374316612,5.15991110325216,92.0393925345902,8.04620473080482,19.9280707075622,6.35571623512745,11.823991732315,480.282787203765,591.188677062473,244.17299620172,394.437593680832,472.352505538054,554.163313980849,214.573855320896,312.675298817824,NA,NA,NA,NA,NA,NA,NA,NA
"sir_laplace","quadratic",200,1,11000,1000,NA,1.94689249992371,0.00471612399640272,0.00408957418008584,4.80551753446567e-05,4.21138660483582e-05,-369.916858786967,1.00016137365003,1.00020702277566,1.00207966632675,1.00473569824937,1.00013909567133,1.00049758345597,1.00024619871983,1.00075577427264,1.00473569824937,2466.51694650385,3263.68491160309,2810.15814050946,4752.58835783158,5293.76643810786,5054.45326022112,14.0454590151027,2028.28763581546,2817.40322101361,2450.43615959025,2819.84886894919,3502.14106172794,2918.17846712559,16.2365275159228,209.349188214836,205.69392650326,220.53586317543,455.718957374889,562.315571840176,559.509717697762,3.65000684903394,158.214710680738,194.644854262445,221.434978304682,367.343412169987,402.05712913917,432.544022104968,16.5763680280777,6322.55337717191,6521.31296484592,6036.14873261816,7618.49729119892,8010.61966821957,7621.65600808794,3.87549435224248,2098.80909893263,3113.16903662605,2343.72927979443,3534.43792613137,4512.29523804724,3881.89055192072,21.0158922371044,4839.85524302405,5116.28107276932,4920.98234921636,5441.71446519013,5658.24848600211,5677.70624488968,2.86523743729979,1325.47626857934,1862.79276828542,1607.04383107444,2879.65422228745,3028.21530196488,2990.17364158602,16.8140195470829,158.214710680738,107.529916635377,234.075049029542,81.2652525431875,188.681918587895,3247.51026439296,3913.15765585284,1078.03029649294,1815.4253130411,2485.93861408049,2795.07700882477,680.816361782321,1479.10283818973,NA,NA,NA,NA,NA,NA,NA,NA
"stan","constant",1600,1,11000,1000,NA,5675.788418293,0.00179790152539514,0.00173604307082053,8.178890763028e-06,7.87321727744874e-06,-3220.04585425134,0.999967614654996,1.00000552894219,1.02410308578294,1.00317074325436,1.0001828937203,1.0010392999595,1.0002085647017,1.00102936147912,1.02410308578294,11732.388654796,11215.7469110188,13173.065761892,8765.80182775947,8854.20730862194,7546.27614061466,8.42464291693151,11947.0841975806,12876.2301877812,13700.1506639073,8612.77411969291,8934.58263328856,8673.53209450441,6.8300663717089,108.985704926863,76.6606540780607,137.833354188368,170.570406579012,89.4552668731486,239.330251270535,28.3815188107138,127.030581450401,168.071828870465,107.477163161338,298.494395831377,354.038141721569,290.99074398029,23.0457357121184,12107.2738799563,12814.6346161195,12936.502671393,8468.26107202917,8503.14677942973,8570.68810747663,3.54801647985001,4282.46350365677,2625.37069617269,4648.73503453011,4342.62316317604,2532.8900252565,5383.72208258722,27.9873156196041,12297.4898080614,12764.3708056093,13028.2480971118,8276.06568044276,8312.84439708479,8277.47196283684,2.91452687503842,2352.85832329468,2582.68095950746,2541.50746789248,3254.35771564366,4852.77596261174,4735.67211511662,4.91680779783037,76.6606540780607,0.0192018618198669,0.0300522841953139,0.022381134053726,0.0525908250683434,2.13314397713182,1.49199731348971,0.754514296173276,0.765113644684115,2.16665754636426,1.45813498857165,0.414542993835261,0.573375445982958,0.75305392911281,0.880915758281585,NA,NA,NA,NA,NA,NA
"stan","constant",200,1,11000,1000,NA,399.271094560623,0.0171956343339544,0.0161247211611124,8.26625507182223e-05,5.6239113522616e-05,-369.443485173886,0.999983570837965,1.00062691079966,1.00018811707608,1.0038807720775,1.00004092803625,1.00029986542757,1.00031899735471,1.00094802133519,1.0038807720775,9508.07555738379,8547.60109501588,7528.23352298056,7677.64427612071,6704.43561854557,7102.59689193772,11.6096443545261,5608.10509146317,5875.24279161384,4953.46222579161,3787.12948400668,3382.87311603203,4542.08011560784,8.65626423245775,226.513191714517,217.463697792422,174.75351608661,391.540859712325,387.144549349359,213.958873536458,13.4035358785236,113.401256478897,101.260190443243,101.154126265934,169.726876455472,298.211726884368,278.555803886143,6.68788954671017,9287.2697682611,8931.68121426226,9615.0317822663,7284.66451593625,7234.10339518403,7464.31589104269,3.68365929106873,1888.26572507789,1836.5042047557,1541.5806157349,4316.96182010002,3936.27225001263,3615.80191465871,10.653445462609,2872.93646407921,2729.81100282437,2928.2609061968,3192.41657138227,3105.8327795031,3587.60988503779,3.60136730960235,242.491775146134,228.27831990246,255.174208334417,401.075658168274,543.822580946282,458.312964207347,5.5604286116221,101.154126265934,0.567316780003277,0.980639132274763,0.284020701783305,0.425091820489153,23.2605612947796,18.244908322133,4.72928231169808,10.8121070593668,7.19545317258872,7.99561154031286,0.607336164449829,1.00451964500369,0.908444326300895,0.789900853703002,NA,NA,NA,NA,NA,NA
"stan","quadratic",1600,1,11000,1000,NA,5932.75905013084,0.00136391501984478,0.00132794557735993,6.77826065043265e-06,6.55499139440464e-06,-3216.11543488606,1.00005889823158,1.00015888522242,1.00972818191233,1.00316455551923,1.00008125431449,1.00049951781577,1.00007720226786,1.00065257456974,1.00972818191233,11423.7595432736,9812.21569197556,11984.0136294092,7676.8666258038,8884.24789137706,8102.50363065709,10.1822073896559,12557.1220554633,10875.326500999,12888.3048941336,9090.54557108728,8489.84696904243,8124.90331949588,8.91529242590592,112.898467498762,96.0115537317537,68.8775856849349,249.95026929661,160.187837835794,280.392864442422,23.984141992844,202.241388632204,198.639518103341,122.91039427848,222.171409908464,253.706774899103,224.767106334025,25.6580520412395,12598.0091179381,11335.7836900153,13107.20584941,8679.42156748593,8541.61816030362,8626.17855934277,7.38638535880706,6726.04562312461,6310.6838284261,6231.1796003408,6213.61564905421,6362.34219152968,6585.670111358,4.13771066437871,13277.3562429453,11751.3426039044,13711.5174831544,8593.66221533523,8325.29509563947,8531.40980719097,7.97250949869428,8112.92983736161,8110.33575832735,8641.90274945732,6346.17685852889,6178.2085409395,6561.29501306606,3.69377245984751,68.8775856849349,0.0190296734697614,0.0421305276658922,0.0340889267410487,0.0374482442369818,2.12346549244407,1.46296545909689,1.13371292619347,1.04733996384316,2.2379732820352,1.44851023658979,1.36748008284319,1.06968390337527,0.824042638570745,0.843945488092716,NA,NA,NA,NA,NA,NA
"stan","quadratic",200,1,11000,1000,NA,372.964227199554,0.00481695741270744,0.00423181685624423,4.75813300556181e-05,4.00527806857076e-05,-369.858841829454,1.00014009763558,1.00002715216451,1.00123506368787,1.00244181248709,1.00008832882056,1.00036118569721,1.00014337594005,1.00042352910398,1.00244181248709,6180.30960941349,6939.73726259681,6455.97605810716,6401.45531228313,7414.07912772336,8150.46353953509,5.89143500272925,4765.85604168924,5181.57253697891,5276.91337098353,4505.54764886433,4845.23336119959,5065.01789671418,5.35491909420261,274.175391426838,254.25125974079,253.75254504278,536.753434579547,643.673977492092,523.696756178524,4.46822353028347,225.991886732746,255.554783528775,266.16430622308,528.520537032154,412.736013317113,537.81410623085,8.3527173854111,9359.36694165003,8805.47710716745,8923.03371199631,7330.84278279754,7519.73056261422,7296.88762821502,3.23207313951727,3294.72952715,3483.79664701642,2746.35065770033,4090.57482714408,4716.26340684043,4175.48008723175,12.0642332239874,6504.09670206541,6465.75809349585,6998.42470193781,5383.55595684462,5580.53272971608,6069.47736788205,4.46338244920873,2071.43051289222,1888.17003973269,2306.4203098687,2768.39397747342,2802.90755058709,3517.85223916824,10.0378351749308,225.991886732746,0.735125171348246,1.43915527397848,0.605934484466869,1.41708104554856,25.0945432808018,19.6556190866937,8.83390225354551,10.9677404126895,17.4389290654017,14.4345102404798,5.55396566701797,7.42267964480193,0.873908231908112,0.921021151529369,NA,NA,NA,NA,NA,NA
