"f","Tt","method","replica","elapsed_time","ess_theta_01","ess_theta_02","ess_W1","ess_W2","ess_theta1_mean","ess_theta2_mean","ess_sec_theta_01","ess_sec_theta_02","ess_sec_W1","ess_sec_W2","ess_sec_theta1_mean","ess_sec_theta2_mean","z_W1","z_W2","z_theta_01","z_theta_02","z_theta1_out","z_theta2_out","W1_mean","W1_median","W2_mean","W2_median","log_lik","rmse_theta1"
"quadratic",200,"montoril",1,53.819,235.861525703911,1010.78547367104,103.755761271652,236.730166282903,122.300124726047,1231.72283582918,4.38249550723556,18.7812013168405,1.92786490406088,4.39863554289196,2.27243398662269,22.886393946918,-0.988419313517022,-1.55318600601573,-0.355278306738654,0.817050643278299,0.28,0.57,0.00341990183850716,0.00319365210247967,3.94275250275741e-05,3.42303113913458e-05,-537.549352551627,0.0581771163475165
"quadratic",400,"montoril",1,103.66,186.2423822113,875.911011464838,44.5231427691347,202.811541627448,79.8533291763427,902.996945564433,1.79666585193228,8.44984575983829,0.429511313613108,1.95650725089184,0.770338888446293,8.71114167050388,-0.843173481522398,-1.25799050814525,-3.2852734640727,2.88788614576429,0.3,0.48,0.00201683483906237,0.00188344717518432,1.70710911086291e-05,1.57803092654424e-05,-1053.83893310534,0.0622539024953086
"quadratic",800,"montoril",1,218.477,85.0717429275181,403.433923932453,43.2638099115191,145.873035195871,69.2874150324904,927.906772653798,0.389385349155829,1.84657389076403,0.198024551378493,0.6676814273167,0.317138257265023,4.24715998779642,-0.672389426975391,0.388197590552438,1.97408930925898,-2.76704520642815,0.39625,0.44375,0.00146415854083643,0.00137592892811558,1.04664811419141e-05,9.77607852424592e-06,-2111.15275691264,0.0668636466262477
"quadratic",1600,"montoril",1,440.54,57.4398082463428,265.464130014702,14.5986868846774,129.098480193272,47.5390623496923,625.521894280241,0.130385000786178,0.602588028362241,0.0331381642635796,0.2930459894522,0.107910887432906,1.41989806664603,2.69857165844786,2.24337282037577,-1.01144186110131,0.123042330348327,0.409375,0.48875,0.000881690136284426,0.000827348577031509,5.63795065316099e-06,5.48560825836018e-06,-4211.81611945261,0.0579880909102468
"quadratic",200,"pg_apf",1,224.136,484.647578797564,883.94546690294,67.8062610859932,110.812788543132,1734.3982566607,2769.91461707109,2.16229244207786,3.94379067576355,0.302522848118969,0.494399777559748,7.73815119686576,12.358187069775,-1.44172029226024,-1.02065441398619,1.75582243880849,-1.36336872342952,NA,0.095,0.00158354040292787,0.00136838536671893,0.000424682077217073,0.000388031896336656,-2024.4787425844,1.31443742513046
"quadratic",400,"pg_apf",1,359.882,417.225860747224,888.175578982746,23.7951119305417,33.0963458997693,690.582492524614,1760.7554912615,1.15934073042615,2.467963329599,0.0661192055466562,0.0919644380651694,1.91891367871862,4.89259115838385,-19.2578512801106,2.59824598633117,2.17325116090533,-3.50736149485946,NA,0.435,0.000686422510708718,0.000674947618895693,0.000154650921305681,0.000136657548066242,-3996.03768207643,1.23553055518298
"quadratic",800,"pg_apf",1,902.304,176.772720058593,129.822586189571,10.7978063932931,33.7906760860753,313.223765463858,1598.47174186454,0.195912597149733,0.143878987779697,0.0119669273252619,0.0374493253782265,0.347137733473262,1.7715445591115,-31.4378742810744,-4.45383315800714,4.00157751664369,-9.45341508639171,NA,0.3625,0.000224151572786407,0.000228956446248585,6.42456120381264e-05,6.18494646940471e-05,-9057.05413460215,1.30146259783836
"quadratic",1600,"pg_apf",1,1444.843,136.943933532154,517.904988237678,12.4639077323666,13.098533493577,340.686233954014,1963.64839374912,0.0947811862826299,0.358450702420732,0.00862647895471456,0.00906571405583655,0.235794639247319,1.35907388813118,-61.7391237877584,-1.86473181414507,-0.114597016757337,-0.902323623153062,NA,0.315,9.15459112159109e-05,9.53546663403305e-05,1.80974331666532e-05,1.519986692723e-05,-16925.3647441988,1.32750014433851
"quadratic",200,"sir_collapsed",1,40.7349999999999,4646.08699217793,4739.32006358569,2872.30193262247,5532.81993439128,7394.71774699592,7309.33400341136,114.05638866277,116.34515928773,70.5118922946478,135.824719145484,181.532287885011,179.436209731469,-1.21451644984907,-1.54049839402694,-0.623882789189777,0.784281343241185,0.1,0.03,0.00334087659343127,0.00300056699571717,3.79695711327217e-05,3.2888605034048e-05,-537.477921253894,0.0566523184511862
"quadratic",400,"sir_collapsed",1,49.4059999999999,4188.83787927608,4695.73345167071,2993.31856855962,4562.08745040334,7312.97760442743,7384.20257245506,84.7839914033939,95.0437892497007,60.5861346508445,92.3387331579837,148.018005999827,149.459631875786,-0.498660244384318,-1.03451192518247,0.383558313736929,-0.746135301501593,0.045,0.08,0.00190464218947941,0.00178904486549484,1.73626961073035e-05,1.61763092804503e-05,-1053.66286391363,0.0618011495781558
"quadratic",800,"sir_collapsed",1,66.9350000000002,5130.28736566907,4951.64023913208,2543.88607120458,5984.37418392757,7400.55840975382,7496.54051502974,76.645811095377,73.9768467786968,38.0053196564514,89.4057545966617,110.56335862783,111.997318518409,-2.62004893286695,-1.13593637369138,0.408048757367849,-0.692508634277318,0.07875,0.07375,0.00144986964071197,0.00139704881063567,1.0318562237737e-05,9.86668551819055e-06,-2110.34072367338,0.060338161135978
"quadratic",1600,"sir_collapsed",1,108.106,4273.65253822881,4264.03534331762,1808.42486316473,4540.75877427427,7077.88369376058,7140.07001368815,39.5320568537252,39.4430960660613,16.7282561852694,42.0028377173725,65.4717008654522,66.0469355418585,0.2630417898987,-0.0890831157043237,-0.340555510269164,0.833722656328938,0.04125,0.0475,0.000841492859285192,0.000819710456756793,5.53826791461045e-06,5.38616707494725e-06,-4211.13041467724,0.0564930860098416
"quadratic",200,"sir_laplace",1,14.5740000000001,5082.96585698178,5032.90616282751,303.55881323344,208.030383108054,7013.62483550338,6239.27937821661,348.769442636322,345.33457958196,20.828791905684,14.2740759645981,481.242269486987,428.110290806682,0.602213055540697,1.27092933775862,0.458499264914072,0.42960787954465,0.1,0.035,0.00332896890839386,0.00300780394387144,3.62850167488535e-05,3.16605056080497e-05,-537.510941653496,0.0568080653179681
"quadratic",400,"sir_laplace",1,17.0139999999999,4643.6770599804,4646.23404132507,224.813540377441,218.359230091211,7295.61619931129,7038.70748854769,272.932706005668,273.082992907318,13.2134442445893,12.8340913419074,428.800764036166,413.700922096376,-0.486508109165394,-0.756469502540205,-0.719962568243505,0.267701683668464,0.0425,0.015,0.0019066330574786,0.00178821064234217,1.66742855049049e-05,1.51437623173295e-05,-1053.70647363467,0.0621553806234623
"quadratic",800,"sir_laplace",1,24.1330000000003,5138.86297660613,4974.57116135424,139.794254431838,147.495562663583,7285.75051335947,7324.55465751225,212.939252335229,206.13148640261,5.79265961263982,6.11177900234457,301.899909392093,303.507838126721,1.06270559439642,1.80110938609896,-0.263668114093921,0.757194924364306,0.08875,0.05,0.00141401063955932,0.00135858366305973,1.0196216801724e-05,9.73017879054975e-06,-2110.91325594297,0.059540277085568
"quadratic",1600,"sir_laplace",1,35.9070000000002,4430.81121438665,4386.88635185626,118.604365083379,138.902115751352,7180.41612798476,7145.94353060219,123.396864521866,122.173569272182,3.30309870174,3.86838543324008,199.97259943701,199.012547152426,-0.563181047411069,-2.17291491089978,1.25908591559934,-1.40614656708266,0.044375,0.055625,0.000867747118229706,0.000833648664501747,5.57766938423868e-06,5.48152324234813e-06,-4210.42175656031,0.0567798795134097
"quadratic",200,"stan",1,116.021,11138.0559882776,9898.0854914032,394.028374736414,310.791383165315,10600.1048175121,7806.39384376045,96.000344664135,85.3128786288965,3.39618150797195,2.67875111544733,91.3636739686101,67.2843178714237,-1.63614785358248,1.74305011411588,2.25011432608538,-0.447720963094575,0.065,0.265,0.00324625275169212,0.00299676329263914,3.63142894665415e-05,3.20252435877428e-05,-537.698506842316,0.0563317195197784
"quadratic",400,"stan",1,424.521,10908.5071214447,10276.2820705114,293.900794062993,297.488792605564,10639.5592142033,9400.08266618658,25.6960365245646,24.2067696780876,0.692311555996037,0.700763431268569,25.0625038907458,22.1427978031395,0.273135531994753,0.0188819242694277,-0.103544773946842,0.427540006215482,0.045,0.0175,0.0018840506802086,0.00177657102206441,1.71474477901654e-05,1.59578620163084e-05,-1053.84923205969,0.0626898013189113
"quadratic",800,"stan",1,917.461,11155.9335433979,10991.7425366243,239.644063351835,206.440091144524,11551.9433424688,9906.59688463293,12.1595724977933,11.9806101148978,0.261203542550403,0.225012388695022,12.5912091549055,10.7978397824354,-0.701410606131507,0.909573350954384,0.453872375217659,-0.959571516169785,0.03125,0.07875,0.00146105658956976,0.00141732134905859,1.03550200405304e-05,9.90547868782137e-06,-2110.28683783915,0.0599113935574811
"quadratic",1600,"stan",1,2638.902,12118.2484098549,11561.7707201901,187.256171258287,188.052039070197,11975.0368115246,12069.8425258548,4.59215552902493,4.38128082065576,0.0709598807603645,0.07126147127487,4.53788614034346,4.57381233780369,-0.901060571182969,1.40979485599017,-0.79286698345417,0.732624802952132,0.064375,0.074375,0.000850130625384595,0.000827761179933301,5.689912696606e-06,5.53098048040324e-06,-4210.93901849265,0.0569043894489024
